2026-02-22 22:39:59,22.0,53.2,99.8
2026-02-22 22:40:03,63.3,53.4,99.8
2026-02-22 22:40:07,10.4,53.4,99.8
2026-02-22 22:40:10,37.5,53.6,99.8
2026-02-22 22:40:10,37.5,53.6,99.8
2026-02-22 22:40:13,31.6,53.7,99.8
2026-02-22 22:40:14,65.3,53.5,99.8
2026-02-22 22:40:17,90.3,53.3,99.8
2026-02-22 22:40:18,79.7,53.5,99.8
2026-02-22 22:40:21,33.3,53.6,99.8
2026-02-22 22:40:22,48.2,53.6,99.8
2026-02-22 22:40:25,27.1,53.6,99.8
2026-02-22 22:40:25,31.2,53.6,99.8
2026-02-22 22:40:28,21.8,53.6,99.8
2026-02-22 22:40:29,32.0,53.6,99.8
2026-02-22 22:40:32,23.1,53.5,99.8
2026-02-22 22:40:33,40.4,53.5,99.8
2026-02-22 22:40:35,5.4,53.5,99.8
2026-02-22 22:40:37,13.5,53.5,99.8
2026-02-22 22:40:39,23.2,53.5,99.8
2026-02-22 22:40:40,7.1,53.5,99.8
2026-02-22 22:40:42,37.9,53.5,99.8
2026-02-22 22:40:44,26.5,53.6,99.8
2026-02-22 22:40:45,73.1,53.6,99.8
2026-02-22 22:40:48,34.0,53.5,99.8
2026-02-22 22:40:49,49.1,53.5,99.8
2026-02-22 22:40:51,54.9,53.5,99.8
2026-02-22 22:40:53,21.6,53.5,99.8
2026-02-22 22:40:55,29.3,53.5,99.8
2026-02-22 22:40:56,18.4,53.5,99.8
2026-02-22 22:40:58,54.7,53.5,99.8
2026-02-22 22:41:00,26.9,53.5,99.8
2026-02-22 22:41:02,53.6,53.6,99.8
2026-02-22 22:41:04,36.4,53.6,99.8
2026-02-22 22:41:06,35.7,53.6,99.8
2026-02-22 22:41:08,54.2,53.5,99.8
2026-02-22 22:41:11,67.6,53.6,99.8
2026-02-22 22:41:12,39.2,53.5,99.8
2026-02-22 22:41:15,29.8,53.5,99.8
2026-02-22 22:41:16,50.0,53.5,99.8
2026-02-22 22:41:18,39.1,53.5,99.8
2026-02-22 22:41:22,64.4,52.5,99.8
2026-02-22 22:41:26,36.8,53.9,99.8
2026-02-22 22:41:30,90.0,53.9,99.8
2026-02-22 22:41:34,10.0,53.9,99.8
2026-02-22 22:41:37,41.1,53.5,99.8
2026-02-22 22:41:40,36.7,53.2,99.8
2026-02-22 22:41:44,18.4,53.2,99.8
2026-02-22 22:41:47,21.4,53.1,99.8
2026-02-22 22:41:50,32.0,52.9,99.8
2026-02-22 22:41:53,41.2,53.0,99.8
2026-02-22 22:41:57,50.8,53.0,99.8
2026-02-22 22:42:01,48.3,53.0,99.8
2026-02-22 22:42:05,1.9,53.1,99.8
2026-02-22 22:42:08,28.1,53.0,99.8
2026-02-22 22:42:12,24.5,53.0,99.8
2026-02-22 22:42:15,18.8,53.0,99.8
2026-02-22 22:42:18,15.7,53.0,99.8
2026-02-22 22:42:21,19.6,52.9,99.8
2026-02-22 22:42:25,40.8,53.0,99.8
2026-02-22 22:42:28,42.1,53.0,99.8
2026-02-22 22:42:31,41.1,53.2,99.8
2026-02-22 22:42:36,100.0,53.5,99.8
2026-02-22 22:42:42,38.6,54.6,99.8
2026-02-22 22:42:46,18.8,54.6,99.8
2026-02-22 22:42:50,2.1,54.5,99.8
2026-02-22 22:42:53,0.0,54.4,99.8
2026-02-22 22:42:56,2.1,54.5,99.8
2026-02-22 22:42:59,7.7,54.5,99.8
2026-02-22 22:43:02,7.5,54.5,99.8
2026-02-22 22:43:05,4.0,54.5,99.8
2026-02-22 22:43:08,12.5,54.3,99.8
2026-02-22 22:43:11,19.6,54.3,99.8
2026-02-22 22:43:15,3.7,54.3,99.8
2026-02-22 22:43:18,14.6,54.2,99.8
2026-02-22 22:43:21,17.9,53.8,99.8
2026-02-22 22:43:24,16.4,53.7,99.8
2026-02-22 22:43:27,22.8,53.7,99.8
2026-02-22 22:43:30,12.0,53.7,99.8
2026-02-22 22:43:33,7.5,53.6,99.8
2026-02-22 22:43:36,41.1,54.6,99.8
2026-02-22 22:43:40,24.0,54.6,99.8
2026-02-22 22:43:43,20.8,54.6,99.8
2026-02-22 22:43:46,5.4,54.3,99.8
2026-02-22 22:43:49,21.4,54.3,99.8
2026-02-22 22:43:52,16.7,54.3,99.8
2026-02-22 22:43:55,1.8,54.3,99.8
2026-02-22 22:43:59,16.7,54.3,99.8
2026-02-22 22:44:02,6.2,54.3,99.8
2026-02-22 22:44:05,3.9,54.3,99.8
2026-02-22 22:44:08,4.0,54.3,99.8
2026-02-22 22:44:12,16.7,54.3,99.8
2026-02-22 22:44:15,27.1,54.2,99.8
2026-02-22 22:44:18,14.0,54.3,99.8
2026-02-22 22:44:22,13.2,54.3,99.8
2026-02-22 22:44:25,10.2,54.2,99.8
2026-02-22 22:44:29,12.5,54.2,99.8
2026-02-22 22:44:32,35.4,54.3,99.8
2026-02-22 22:44:35,12.5,54.4,99.8
2026-02-22 22:44:38,14.3,54.2,99.8
2026-02-22 22:44:41,32.8,54.0,99.8
2026-02-22 22:44:44,16.1,53.8,99.8
2026-02-22 22:44:48,19.1,53.8,99.8
2026-02-22 22:44:51,10.5,54.0,99.8
2026-02-22 22:44:54,2.1,53.9,99.8
2026-02-22 22:44:57,15.1,53.9,99.8
2026-02-22 22:45:00,56.1,54.3,99.8
2026-02-22 22:45:04,18.2,54.3,99.8
2026-02-22 22:45:07,22.8,54.3,99.8
2026-02-22 22:45:10,27.1,54.5,99.8
2026-02-22 22:45:13,13.7,54.4,99.8
2026-02-22 22:45:17,12.3,54.5,99.8
2026-02-22 22:45:20,25.5,54.4,99.8
2026-02-22 22:45:23,22.4,55.1,99.8
2026-02-22 22:45:24,38.0,55.2,99.8
2026-02-22 22:45:26,11.3,55.4,99.8
2026-02-22 22:45:27,3.6,55.4,99.8
2026-02-22 22:45:29,2.1,55.4,99.8
2026-02-22 22:45:31,90.2,55.3,99.8
2026-02-22 22:45:32,29.4,55.4,99.8
2026-02-22 22:45:34,32.8,55.4,99.8
2026-02-22 22:45:36,35.4,55.4,99.8
2026-02-22 22:45:38,7.0,55.4,99.8
2026-02-22 22:45:39,89.1,55.7,99.8
2026-02-22 22:45:41,6.1,56.0,99.8
2026-02-22 22:45:43,24.6,56.0,99.8
2026-02-22 22:45:45,2.0,56.0,99.8
2026-02-22 22:45:46,17.9,56.0,99.8
2026-02-22 22:45:48,33.9,56.0,99.8
2026-02-22 22:45:50,27.6,55.9,99.8
2026-02-22 22:45:51,23.2,55.9,99.8
2026-02-22 22:45:53,25.0,55.9,99.8
2026-02-22 22:45:54,14.6,56.0,99.8
2026-02-22 22:45:57,18.8,55.9,99.8
2026-02-22 22:45:58,46.6,56.0,99.8
2026-02-22 22:46:00,36.9,56.0,99.8
2026-02-22 22:46:01,47.9,56.0,99.8
2026-02-22 22:46:04,22.4,56.0,99.8
2026-02-22 22:46:05,40.4,56.1,99.8
2026-02-22 22:46:08,4.1,56.1,99.8
2026-02-22 22:46:08,40.4,56.1,99.8
2026-02-22 22:46:11,26.8,56.0,99.8
2026-02-22 22:46:12,54.9,56.0,99.8
2026-02-22 22:46:15,9.3,56.0,99.8
2026-02-22 22:46:16,16.1,55.9,99.8
2026-02-22 22:46:18,19.3,55.9,99.8
2026-02-22 22:46:19,17.9,55.9,99.8
2026-02-22 22:46:22,19.2,55.9,99.8
2026-02-22 22:46:23,46.9,55.9,99.8
2026-02-22 22:46:25,15.1,55.9,99.8
2026-02-22 22:46:26,40.8,56.0,99.8
2026-02-22 22:46:28,18.9,55.9,99.8
2026-02-22 22:46:29,12.0,55.9,99.8
2026-02-22 22:46:31,22.0,55.9,99.8
2026-02-22 22:46:32,33.3,55.8,99.8
2026-02-22 22:46:34,14.0,55.7,99.8
2026-02-22 22:46:36,66.0,55.6,99.8
2026-02-22 22:46:38,15.8,55.6,99.8
2026-02-22 22:46:39,5.4,55.6,99.8
2026-02-22 22:46:41,24.6,55.7,99.8
2026-02-22 22:46:42,2.0,55.7,99.8
2026-02-22 22:46:44,32.8,55.7,99.8
2026-02-22 22:46:46,2.1,55.6,99.8
2026-02-22 22:46:47,24.6,55.7,99.8
2026-02-22 22:46:49,13.5,55.7,99.8
2026-02-22 22:46:51,18.2,55.7,99.8
2026-02-22 22:46:52,10.7,55.9,99.8
2026-02-22 22:46:54,19.4,56.2,99.8
2026-02-22 22:46:55,44.2,56.2,99.8
2026-02-22 22:46:58,42.1,56.3,99.8
2026-02-22 22:46:59,28.6,56.3,99.8
2026-02-22 22:47:02,38.8,56.3,99.8
2026-02-22 22:47:02,18.4,56.3,99.8
2026-02-22 22:47:05,17.9,56.2,99.8
2026-02-22 22:47:05,14.6,56.1,99.8
2026-02-22 22:47:08,8.9,56.1,99.8
2026-02-22 22:47:09,31.6,56.1,99.8
2026-02-22 22:47:11,4.2,56.0,99.8
2026-02-22 22:47:12,30.4,56.0,99.8
2026-02-22 22:47:15,13.0,56.0,99.8
2026-02-22 22:47:15,12.5,55.9,99.8
2026-02-22 22:47:18,2.0,55.8,99.8
2026-02-22 22:47:19,23.2,55.8,99.8
2026-02-22 22:47:21,6.2,55.8,99.8
2026-02-22 22:47:22,33.3,55.9,99.8
2026-02-22 22:47:24,43.1,55.8,99.8
2026-02-22 22:47:25,18.8,55.8,99.8
2026-02-22 22:47:27,35.3,55.8,99.8
2026-02-22 22:47:28,25.0,55.8,99.8
2026-02-22 22:47:30,72.2,56.1,99.8
2026-02-22 22:47:32,32.7,56.1,99.8
2026-02-22 22:47:34,21.8,56.3,99.8
2026-02-22 22:47:35,16.7,56.3,99.8
2026-02-22 22:47:38,33.3,56.5,99.8
2026-02-22 22:47:39,3.7,57.2,99.8
2026-02-22 22:47:41,26.8,57.1,99.8
2026-02-22 22:47:43,16.7,57.1,99.8
2026-02-22 22:47:44,23.4,57.1,99.8
2026-02-22 22:47:46,70.0,57.1,99.8
2026-02-22 22:47:48,12.5,56.8,99.8
2026-02-22 22:47:49,20.4,57.1,99.8
2026-02-22 22:47:51,28.1,57.1,99.8
2026-02-22 22:47:52,29.8,57.1,99.8
2026-02-22 22:47:54,24.5,57.0,99.8
2026-02-22 22:47:55,10.5,57.1,99.8
2026-02-22 22:47:57,19.3,56.9,99.8
2026-02-22 22:47:59,18.4,57.0,99.8
2026-02-22 22:48:01,14.3,57.1,99.8
2026-02-22 22:48:03,64.6,57.1,99.8
2026-02-22 22:48:06,20.0,57.0,99.8
2026-02-22 22:48:06,30.4,57.0,99.8
2026-02-22 22:48:10,26.9,57.0,99.8
2026-02-22 22:48:11,55.6,56.9,99.8
2026-02-22 22:48:13,19.6,56.8,99.8
2026-02-22 22:48:14,26.3,56.8,99.8
2026-02-22 22:48:16,20.0,56.7,99.8
2026-02-22 22:48:17,35.3,56.7,99.8
2026-02-22 22:48:19,5.4,56.8,99.8
2026-02-22 22:48:20,14.3,56.8,99.8
2026-02-22 22:48:23,9.3,56.8,99.8
2026-02-22 22:48:24,4.2,56.8,99.8
2026-02-22 22:48:25,30.4,56.7,99.8
2026-02-22 22:48:27,6.1,56.7,99.8
2026-02-22 22:48:29,25.0,56.6,99.8
2026-02-22 22:48:30,20.8,56.7,99.8
2026-02-22 22:48:32,37.5,56.5,99.8
2026-02-22 22:48:33,35.3,56.5,99.8
2026-02-22 22:48:35,30.8,56.3,99.8
2026-02-22 22:48:37,14.3,56.3,99.8
2026-02-22 22:48:40,33.3,56.5,99.8
2026-02-22 22:48:39,32.8,56.4,99.8
2026-02-22 22:48:44,14.3,57.5,99.8
2026-02-22 22:48:44,42.9,57.5,99.8
2026-02-22 22:48:47,37.5,57.5,99.8
2026-02-22 22:48:47,41.7,57.4,99.8
2026-02-22 22:48:51,33.3,57.4,99.8
2026-02-22 22:48:51,48.2,57.4,99.8
2026-02-22 22:48:54,21.4,57.5,99.8
2026-02-22 22:48:54,42.9,57.5,99.8
2026-02-22 22:48:57,28.6,57.6,99.8
2026-02-22 22:48:57,33.9,57.7,99.8
2026-02-22 22:49:01,14.3,58.0,99.8
2026-02-22 22:49:01,24.0,58.0,99.8
2026-02-22 22:49:04,15.7,58.2,99.8
2026-02-22 22:49:05,40.8,58.2,99.8
2026-02-22 22:49:08,27.6,58.8,99.8
2026-02-22 22:49:08,49.2,58.8,99.8
2026-02-22 22:49:12,29.4,58.8,99.8
2026-02-22 22:49:12,37.5,58.8,99.8
2026-02-22 22:49:15,26.7,58.8,99.8
2026-02-22 22:49:16,28.6,58.9,99.8
2026-02-22 22:49:18,17.6,59.0,99.8
2026-02-22 22:49:19,34.5,59.1,99.8
2026-02-22 22:49:22,18.8,59.1,99.8
2026-02-22 22:49:23,30.4,59.0,99.8
2026-02-22 22:49:25,22.9,58.8,99.8
2026-02-22 22:49:26,17.0,58.8,99.8
2026-02-22 22:49:28,44.2,58.6,99.8
2026-02-22 22:49:29,37.0,58.6,99.8
2026-02-22 22:49:32,33.3,58.6,99.8
2026-02-22 22:49:33,28.1,58.6,99.8
2026-02-22 22:49:35,36.0,58.6,99.8
2026-02-22 22:49:36,35.4,58.7,99.8
2026-02-22 22:49:40,13.2,57.8,99.8
2026-02-22 22:49:43,26.3,57.9,99.8
2026-02-22 22:49:46,11.8,58.3,99.8
2026-02-22 22:49:49,12.2,58.4,99.8
2026-02-22 22:49:52,46.6,58.7,99.8
2026-02-22 22:49:55,30.8,59.3,99.8
2026-02-22 22:49:56,32.7,59.4,99.8
2026-02-22 22:49:58,29.2,59.6,99.8
2026-02-22 22:49:59,15.4,59.6,99.8
2026-02-22 22:50:01,25.0,59.7,99.8
2026-02-22 22:50:02,24.6,59.8,99.8
2026-02-22 22:50:04,27.1,60.5,99.8
2026-02-22 22:50:05,44.9,60.5,99.8
2026-02-22 22:50:07,37.3,60.6,99.8
2026-02-22 22:50:09,30.4,60.7,99.8
2026-02-22 22:50:11,37.5,60.7,99.8
2026-02-22 22:50:12,36.0,60.8,99.8
2026-02-22 22:50:15,49.0,60.8,99.8
2026-02-22 22:50:16,30.9,60.9,99.8
2026-02-22 22:50:19,28.6,60.9,99.8
2026-02-22 22:50:20,27.1,60.8,99.8
2026-02-22 22:50:22,36.2,60.8,99.8
2026-02-22 22:50:23,28.6,60.7,99.8
2026-02-22 22:50:25,28.6,60.7,99.8
2026-02-22 22:50:26,34.5,60.7,99.8
2026-02-22 22:50:29,30.6,60.8,99.8
2026-02-22 22:50:30,32.7,60.7,99.8
2026-02-22 22:50:32,33.3,60.7,99.8
2026-02-22 22:50:33,28.6,60.7,99.8
2026-02-22 22:50:35,32.1,60.7,99.8
2026-02-22 22:50:36,29.2,60.6,99.8
2026-02-22 22:50:39,38.6,60.7,99.8
2026-02-22 22:50:39,26.3,60.7,99.8
2026-02-22 22:50:42,12.0,60.6,99.8
2026-02-22 22:50:42,25.0,60.6,99.8
2026-02-22 22:50:45,32.7,60.6,99.8
2026-02-22 22:50:46,42.9,60.6,99.8
2026-02-22 22:50:49,30.4,60.5,99.8
2026-02-22 22:50:50,28.6,60.6,99.8
2026-02-22 22:50:52,29.8,60.5,99.8
2026-02-22 22:50:54,30.5,60.5,99.8
2026-02-22 22:50:56,31.2,60.6,99.8
2026-02-22 22:50:57,34.7,60.6,99.8
2026-02-22 22:51:00,29.6,60.6,99.8
2026-02-22 22:51:01,44.6,60.6,99.8
2026-02-22 22:51:03,42.9,60.6,99.8
2026-02-22 22:51:04,44.9,60.6,99.8
2026-02-22 22:51:06,25.0,60.6,99.8
2026-02-22 22:51:07,31.2,60.6,99.8
2026-02-22 22:51:09,33.3,60.6,99.8
2026-02-22 22:51:10,27.1,60.6,99.8
2026-02-22 22:51:13,28.6,60.7,99.8
2026-02-22 22:51:13,28.6,60.7,99.8
2026-02-22 22:51:16,18.0,60.7,99.8
2026-02-22 22:51:17,43.1,60.7,99.8
2026-02-22 22:51:19,18.4,60.7,99.8
2026-02-22 22:51:20,25.0,60.7,99.8
2026-02-22 22:51:22,94.1,60.8,99.8
2026-02-22 22:51:23,77.2,61.0,99.8
2026-02-22 22:51:26,65.5,60.6,99.8
2026-02-22 22:51:27,22.8,60.5,99.8
2026-02-22 22:51:30,3.6,59.4,99.8
2026-02-22 22:51:34,1.9,59.3,99.8
2026-02-22 22:51:37,5.7,59.3,99.8
2026-02-22 22:51:40,8.0,59.3,99.8
2026-02-22 22:51:43,18.9,59.3,99.8
2026-02-22 22:51:47,23.5,59.2,99.8
2026-02-22 22:51:50,7.1,59.3,99.8
2026-02-22 22:51:53,4.3,59.2,99.8
2026-02-22 22:51:56,28.6,59.4,99.8
2026-02-22 22:51:59,2.0,59.4,99.8
2026-02-22 22:52:03,20.8,59.4,99.8
2026-02-22 22:52:06,12.2,59.5,99.8
2026-02-22 22:52:09,19.2,59.5,99.8
2026-02-22 22:52:12,14.0,59.7,99.8
2026-02-22 22:52:16,1.9,60.1,99.8
2026-02-22 22:52:19,10.5,59.9,99.8
2026-02-22 22:52:22,14.3,59.8,99.8
2026-02-22 22:52:25,16.1,59.6,99.8
2026-02-22 22:52:28,12.1,59.7,99.8
2026-02-22 22:52:31,1.8,59.7,99.8
2026-02-22 22:52:34,74.5,59.6,99.8
2026-02-22 22:52:37,0.0,59.0,99.8
2026-02-22 22:52:40,16.7,58.9,99.8
2026-02-22 22:52:43,31.5,59.2,99.8
2026-02-22 22:52:46,4.0,59.1,99.8
2026-02-22 22:52:49,7.7,59.1,99.8
2026-02-22 22:52:52,14.6,59.1,99.8
2026-02-22 22:52:55,15.4,59.3,99.8
2026-02-22 22:52:58,23.1,59.3,99.8
2026-02-22 22:53:02,0.0,59.3,99.8
2026-02-22 22:53:05,19.3,59.4,99.8
2026-02-22 22:53:08,34.7,59.6,99.8
2026-02-22 22:53:11,20.8,59.8,99.8
2026-02-22 22:53:15,14.6,59.9,99.8
2026-02-22 22:53:18,19.3,59.9,99.8
2026-02-22 22:53:22,13.7,59.9,99.8
2026-02-22 22:53:26,32.0,59.8,99.8
2026-02-22 22:53:29,32.7,60.0,99.8
2026-02-22 22:53:33,25.5,60.0,99.8
2026-02-22 22:53:36,13.2,60.0,99.8
2026-02-22 22:53:40,13.5,60.1,99.8
2026-02-22 22:53:43,43.8,60.2,99.8
2026-02-22 22:53:46,35.8,60.1,99.8
2026-02-22 22:53:49,18.2,60.0,99.8
2026-02-22 22:53:52,19.6,60.0,99.8
2026-02-22 22:53:56,14.3,60.0,99.8
2026-02-22 22:53:59,14.6,60.0,99.8
2026-02-22 22:54:03,30.6,60.3,99.8
2026-02-22 22:54:07,15.1,60.2,99.8
2026-02-22 22:54:10,15.4,60.1,99.8
2026-02-22 22:54:13,19.3,60.0,99.8
2026-02-22 22:54:16,21.1,60.0,99.8
2026-02-22 22:54:19,21.1,60.1,99.8
2026-02-22 22:54:22,19.3,60.1,99.8
2026-02-22 22:54:25,16.3,60.3,99.8
2026-02-22 22:54:29,18.0,60.5,99.8
2026-02-22 22:54:32,13.0,60.7,99.8
2026-02-22 22:54:36,22.4,60.9,99.8
2026-02-22 22:54:39,30.5,61.2,99.8
2026-02-22 22:54:43,36.5,61.8,99.8
2026-02-22 22:54:45,31.4,62.5,99.8
2026-02-22 22:54:46,30.6,62.5,99.8
2026-02-22 22:54:48,75.8,62.8,99.8
2026-02-22 22:54:49,54.0,62.9,99.8
2026-02-22 22:54:52,33.9,62.5,99.8
2026-02-22 22:54:53,49.0,62.6,99.8
2026-02-22 22:54:55,12.5,62.9,99.8
2026-02-22 22:54:57,28.0,62.9,99.8
2026-02-22 22:54:59,56.1,62.9,99.8
2026-02-22 22:55:01,6.2,63.3,99.8
2026-02-22 22:55:03,31.2,63.1,99.8
2026-02-22 22:55:04,8.3,63.0,99.8
2026-02-22 22:55:06,14.3,63.0,99.8
2026-02-22 22:55:07,19.3,62.4,99.8
2026-02-22 22:55:09,28.0,62.3,99.8
2026-02-22 22:55:10,1.9,62.3,99.8
2026-02-22 22:55:12,100.0,62.4,99.8
2026-02-22 22:55:13,69.0,62.3,99.8
2026-02-22 22:55:17,25.9,62.7,99.8
2026-02-22 22:55:18,56.9,62.9,99.8
2026-02-22 22:55:20,35.8,62.9,99.8
2026-02-22 22:55:22,58.2,63.0,99.8
2026-02-22 22:55:24,40.7,62.9,99.8
2026-02-22 22:55:27,31.2,62.7,99.8
2026-02-22 22:55:28,59.2,62.6,99.8
2026-02-22 22:55:32,16.3,62.7,99.8
2026-02-22 22:55:32,23.2,62.7,99.8
2026-02-22 22:55:36,10.4,62.6,99.8
2026-02-22 22:55:36,16.7,62.6,99.8
2026-02-22 22:55:39,4.2,62.2,99.8
2026-02-22 22:55:39,14.0,62.2,99.8
2026-02-22 22:55:43,32.1,62.3,99.8
2026-02-22 22:55:42,55.8,62.3,99.8
2026-02-22 22:55:46,3.6,61.5,99.8
2026-02-22 22:55:50,10.7,61.4,99.8
2026-02-22 22:55:53,12.3,61.5,99.8
2026-02-22 22:55:56,3.9,62.5,99.8
2026-02-22 22:55:57,20.7,62.3,99.8
2026-02-22 22:55:59,19.6,62.5,99.8
2026-02-22 22:56:00,3.6,62.5,99.8
2026-02-22 22:56:02,16.3,62.4,99.8
2026-02-22 22:56:04,5.6,62.4,99.8
2026-02-22 22:56:05,80.7,62.5,99.8
2026-02-22 22:56:07,0.0,62.9,99.8
2026-02-22 22:56:08,14.6,62.9,99.8
2026-02-22 22:56:09,0.0,62.9,99.8
2026-02-22 22:56:11,14.3,62.8,99.8
2026-02-22 22:56:12,14.3,63.0,99.8
2026-02-22 22:56:14,18.8,63.0,99.8
2026-02-22 22:56:15,3.8,63.0,99.8
2026-02-22 22:56:17,18.8,63.0,99.8
2026-02-22 22:56:18,26.3,63.0,99.8
2026-02-22 22:56:20,16.1,63.1,99.8
2026-02-22 22:56:22,3.8,63.2,99.8
2026-02-22 22:56:24,8.9,63.0,99.8
2026-02-22 22:56:25,2.1,62.9,99.8
2026-02-22 22:56:27,22.2,62.8,99.8
2026-02-22 22:56:28,21.4,62.8,99.8
2026-02-22 22:56:30,24.1,62.7,99.8
2026-02-22 22:56:31,0.0,62.7,99.8
2026-02-22 22:56:33,19.6,62.7,99.8
2026-02-22 22:56:34,34.7,62.7,99.8
2026-02-22 22:56:37,22.8,62.6,99.8
2026-02-22 22:56:38,33.9,62.6,99.8
2026-02-22 22:56:40,18.8,62.6,99.8
2026-02-22 22:56:41,22.9,62.6,99.8
2026-02-22 22:56:44,18.8,62.7,99.8
2026-02-22 22:56:45,78.4,62.8,99.8
2026-02-22 22:56:48,14.3,62.9,99.8
2026-02-22 22:56:48,16.1,62.9,99.8
2026-02-22 22:56:51,20.4,62.8,99.8
2026-02-22 22:56:51,17.9,62.8,99.8
2026-02-22 22:56:54,25.0,62.4,99.8
2026-02-22 22:56:54,12.5,62.4,99.8
2026-02-22 22:56:57,10.4,62.3,99.8
2026-02-22 22:56:58,28.0,62.3,99.8
2026-02-22 22:57:00,10.9,62.3,99.8
2026-02-22 22:57:01,15.8,62.2,99.8
2026-02-22 22:57:03,1.8,62.3,99.8
2026-02-22 22:57:04,12.5,62.3,99.8
2026-02-22 22:57:06,0.0,62.3,99.8
2026-02-22 22:57:07,22.8,62.3,99.8
2026-02-22 22:57:09,5.6,62.1,99.8
2026-02-22 22:57:10,22.4,62.0,99.8
2026-02-22 22:57:12,15.5,62.0,99.8
2026-02-22 22:57:13,44.0,62.0,99.8
2026-02-22 22:57:16,1.9,62.1,99.8
2026-02-22 22:57:16,21.1,62.1,99.8
2026-02-22 22:57:19,28.0,62.1,99.8
2026-02-22 22:57:19,20.8,62.1,99.8
2026-02-22 22:57:22,0.0,62.1,99.8
2026-02-22 22:57:22,22.4,62.1,99.8
2026-02-22 22:57:25,43.9,62.1,99.8
2026-02-22 22:57:25,26.5,62.1,99.8
2026-02-22 22:57:28,4.0,62.1,99.8
2026-02-22 22:57:29,34.0,62.1,99.8
2026-02-22 22:57:32,24.5,62.3,99.8
2026-02-22 22:57:34,7.8,62.3,99.8
2026-02-22 22:57:35,66.7,62.3,99.8
2026-02-22 22:57:38,4.2,62.2,99.8
2026-02-22 22:57:39,40.8,62.2,99.8
2026-02-22 22:57:42,2.4,62.2,99.8
2026-02-22 22:57:42,14.6,62.2,99.8
2026-02-22 22:57:45,7.8,62.2,99.8
2026-02-22 22:57:45,26.3,62.2,99.8
2026-02-22 22:57:48,28.6,62.1,99.8
2026-02-22 22:57:48,9.4,62.2,99.8
2026-02-22 22:57:52,2.0,62.2,99.8
2026-02-22 22:57:52,22.4,62.2,99.8
2026-02-22 22:57:55,0.0,62.2,99.8
2026-02-22 22:57:56,3.6,62.1,99.8
2026-02-22 22:57:58,3.7,62.1,99.8
2026-02-22 22:57:59,0.0,62.1,99.8
2026-02-22 22:58:01,63.8,62.3,99.8
2026-02-22 22:58:02,15.1,62.5,99.8
2026-02-22 22:58:04,12.5,62.5,99.8
2026-02-22 22:58:05,17.5,62.8,99.8
2026-02-22 22:58:07,66.7,62.7,99.8
2026-02-22 22:58:08,41.7,63.1,99.8
2026-02-22 22:58:10,50.0,63.2,99.8
2026-02-22 22:58:11,27.3,63.1,99.8
2026-02-22 22:58:13,47.4,62.9,99.8
2026-02-22 22:58:14,22.9,62.9,99.8
2026-02-22 22:58:16,30.6,62.9,99.8
2026-02-22 22:58:17,26.3,62.9,99.8
2026-02-22 22:58:20,17.5,63.0,99.8
2026-02-22 22:58:21,85.9,62.6,99.8
2026-02-22 22:58:24,96.7,64.3,99.8
2026-02-22 22:58:26,50.0,64.7,99.8
2026-02-22 22:58:28,41.7,64.7,99.8
2026-02-22 22:58:29,63.2,63.1,99.8
2026-02-22 22:58:32,19.3,63.3,99.8
2026-02-22 22:58:33,42.0,63.2,99.8
2026-02-22 22:58:36,2.0,63.2,99.8
2026-02-22 22:58:36,42.1,63.1,99.8
2026-02-22 22:58:39,19.0,62.4,99.8
2026-02-22 22:58:39,14.6,62.4,99.8
2026-02-22 22:58:42,4.1,62.5,99.8
2026-02-22 22:58:42,16.7,62.5,99.8
2026-02-22 22:58:45,2.0,62.5,99.8
2026-02-22 22:58:45,14.0,62.5,99.8
2026-02-22 22:58:48,10.2,62.4,99.8
2026-02-22 22:58:48,16.3,62.4,99.8
2026-02-22 22:58:51,27.6,62.3,99.8
2026-02-22 22:58:51,11.3,62.4,99.8
2026-02-22 22:58:54,5.5,62.4,99.8
2026-02-22 22:58:55,14.3,62.4,99.8
2026-02-22 22:58:57,10.2,62.7,99.8
2026-02-22 22:58:58,2.1,62.7,99.8
2026-02-22 22:59:00,13.2,62.7,99.8
2026-02-22 22:59:01,7.5,62.7,99.8
2026-02-22 22:59:03,74.1,62.6,99.8
2026-02-22 22:59:05,3.9,62.3,99.8
2026-02-22 22:59:06,0.0,62.1,99.8
2026-02-22 22:59:08,77.6,63.0,99.8
2026-02-22 22:59:10,35.4,63.9,99.8
2026-02-22 22:59:14,85.2,66.7,99.8
2026-02-22 22:59:13,94.0,65.9,99.8
2026-02-22 22:59:19,92.2,69.7,99.6
2026-02-22 22:59:20,98.8,70.2,99.6
2026-02-22 22:59:26,77.6,71.2,99.6
2026-02-22 22:59:37,94.9,69.6,99.6
2026-02-22 22:59:36,68.9,70.4,99.6
2026-02-22 22:59:42,68.0,70.7,99.6
2026-02-22 22:59:42,80.3,70.6,99.6
2026-02-22 22:59:46,94.8,70.9,99.6
2026-02-22 22:59:47,61.0,71.0,99.6
2026-02-22 22:59:50,54.2,71.7,99.6
2026-02-22 22:59:52,81.8,72.5,99.6
2026-02-22 22:59:54,14.6,72.9,99.6
2026-02-22 22:59:57,12.5,72.9,99.6
2026-02-22 22:59:57,16.1,73.0,99.6
2026-02-22 23:00:01,15.8,72.3,99.6
2026-02-22 23:00:01,26.8,72.3,99.6
2026-02-22 23:00:04,30.4,73.4,99.6
2026-02-22 23:00:05,39.6,73.4,99.6
2026-02-22 23:00:06,39.3,73.5,99.6
2026-02-22 23:00:08,14.0,73.6,99.6
2026-02-22 23:00:09,32.1,73.6,99.6
2026-02-22 23:00:09,50.0,73.6,99.6
2026-02-22 23:00:12,14.5,74.1,99.6
2026-02-22 23:00:12,14.6,74.1,99.6
2026-02-22 23:00:13,25.0,74.1,99.6
2026-02-22 23:00:15,1.8,74.0,99.6
2026-02-22 23:00:15,20.0,74.0,99.6
2026-02-22 23:00:17,40.4,74.1,99.6
2026-02-22 23:00:18,43.1,73.7,99.6
2026-02-22 23:00:19,60.4,73.1,99.6
2026-02-22 23:00:22,16.1,72.9,99.6
2026-02-22 23:00:22,16.7,72.9,99.6
2026-02-22 23:00:23,27.1,72.9,99.6
2026-02-22 23:00:26,33.9,72.9,99.6
2026-02-22 23:00:26,46.4,73.0,99.6
2026-02-22 23:00:27,73.5,73.0,99.6
2026-02-22 23:00:30,5.6,72.8,99.6
2026-02-22 23:00:31,34.0,72.8,99.6
2026-02-22 23:00:31,29.3,72.8,99.6
2026-02-22 23:00:34,32.0,72.1,99.6
2026-02-22 23:00:34,25.0,72.0,99.6
2026-02-22 23:00:34,33.3,72.0,99.6
2026-02-22 23:00:37,3.9,72.2,99.6
2026-02-22 23:00:38,14.3,72.1,99.6
2026-02-22 23:00:38,21.4,72.1,99.6
2026-02-22 23:00:41,3.8,72.1,99.6
2026-02-22 23:00:42,14.8,72.1,99.6
2026-02-22 23:00:42,15.8,72.1,99.6
2026-02-22 23:00:44,24.0,71.9,99.6
2026-02-22 23:00:46,19.2,71.8,99.6
2026-02-22 23:00:46,17.2,71.8,99.6
2026-02-22 23:00:47,39.1,71.8,99.7
2026-02-22 23:00:49,0.0,71.7,99.7
2026-02-22 23:00:49,7.4,71.7,99.7
2026-02-22 23:00:51,52.6,71.5,99.7
2026-02-22 23:00:53,5.7,71.6,99.7
2026-02-22 23:00:53,14.3,71.6,99.7
2026-02-22 23:00:54,47.0,71.5,99.7
2026-02-22 23:00:56,5.7,71.5,99.7
2026-02-22 23:00:56,11.5,71.5,99.7
2026-02-22 23:00:58,36.5,71.5,99.7
2026-02-22 23:01:00,17.6,71.6,99.7
2026-02-22 23:01:00,22.6,71.6,99.7
2026-02-22 23:01:02,20.6,71.4,99.6
2026-02-22 23:01:03,28.6,71.3,99.6
2026-02-22 23:01:03,29.8,71.3,99.6
2026-02-22 23:01:06,15.8,71.3,99.6
2026-02-22 23:01:07,21.2,71.3,99.6
2026-02-22 23:01:07,13.2,71.3,99.6
2026-02-22 23:01:10,61.2,71.1,99.6
2026-02-22 23:01:11,17.5,71.1,99.6
2026-02-22 23:01:11,21.4,71.1,99.6
2026-02-22 23:01:14,19.1,71.0,99.6
2026-02-22 23:01:15,16.1,71.0,99.6
2026-02-22 23:01:15,20.8,71.0,99.6
2026-02-22 23:01:18,12.5,71.4,99.6
2026-02-22 23:01:19,32.7,71.4,99.6
2026-02-22 23:01:19,30.6,71.4,99.6
2026-02-22 23:01:21,6.4,71.4,99.6
2026-02-22 23:01:23,7.1,71.4,99.6
2026-02-22 23:01:23,13.7,71.4,99.6
2026-02-22 23:01:24,29.3,71.4,99.6
2026-02-22 23:01:26,0.0,71.4,99.6
2026-02-22 23:01:26,6.8,71.4,99.6
2026-02-22 23:01:28,12.5,71.3,99.6
2026-02-22 23:01:30,69.0,66.0,99.6
2026-02-22 23:01:31,39.3,61.2,99.6
2026-02-22 23:01:33,7.7,61.1,99.6
2026-02-22 23:01:35,33.3,61.1,99.6
2026-02-22 23:01:37,51.7,57.1,99.6
2026-02-22 23:01:39,36.8,57.4,99.6
2026-02-22 23:01:40,4.1,57.4,99.6
2026-02-22 23:01:42,11.5,51.8,99.6
2026-02-22 23:01:43,22.6,52.0,99.6
2026-02-22 23:01:45,85.1,47.9,99.6
2026-02-22 23:01:49,16.1,36.4,99.6
2026-02-22 23:01:52,17.9,36.2,99.6
2026-03-10 10:19:40,71.4,51.1,97.4
2026-03-10 10:19:40,68.0,51.1,97.4
2026-03-10 10:19:45,64.6,50.9,97.5
2026-03-10 10:19:45,64.6,50.9,97.5
2026-03-10 10:19:50,16.7,51.1,97.5
2026-03-10 10:19:50,24.5,51.1,97.5
2026-03-10 10:19:54,52.8,46.1,97.4
2026-03-10 10:19:54,54.9,46.1,97.4
2026-03-10 10:19:58,32.7,46.0,97.4
2026-03-10 10:19:58,33.3,46.0,97.4
2026-03-10 10:20:01,58.0,47.2,97.5
2026-03-10 10:20:01,64.0,47.2,97.5
2026-03-10 10:20:05,60.0,48.2,97.7
2026-03-10 10:20:05,62.3,48.2,97.7
2026-03-10 10:20:09,87.5,48.0,97.7
2026-03-10 10:20:09,81.6,47.7,97.7
2026-03-10 10:20:14,68.8,48.2,97.7
2026-03-10 10:20:14,69.6,48.2,97.7
2026-03-10 10:20:17,60.0,47.9,97.7
2026-03-10 10:20:17,60.0,47.9,97.7
2026-03-10 10:20:21,33.3,47.8,97.9
2026-03-10 10:20:21,37.5,47.8,97.9
2026-03-10 10:20:25,69.1,47.2,97.9
2026-03-10 10:20:25,68.5,47.2,97.9
2026-03-10 10:20:29,36.5,49.8,97.9
2026-03-10 10:20:29,36.0,49.8,97.9
2026-03-10 10:20:32,84.3,50.6,97.9
2026-03-10 10:20:33,84.3,50.6,97.9
2026-03-10 10:20:37,46.9,51.3,98.0
2026-03-10 10:20:36,48.1,51.3,98.0
2026-03-10 10:20:40,32.0,53.0,98.0
2026-03-10 10:20:40,46.6,53.0,98.0
2026-03-10 10:20:44,65.5,52.9,98.0
2026-03-10 10:20:44,50.0,52.9,98.0
2026-03-10 10:20:48,98.3,53.2,98.1
2026-03-10 10:20:48,85.7,53.2,98.1
2026-03-10 10:20:53,39.6,53.7,98.1
2026-03-10 10:20:53,42.9,53.7,98.1
2026-03-10 10:20:57,94.2,53.6,98.2
2026-03-10 10:20:57,98.2,53.7,98.2
2026-03-10 10:21:02,100.0,54.0,98.2
2026-03-10 10:21:02,100.0,54.0,98.2
2026-03-10 10:21:08,98.3,53.9,98.2
2026-03-10 10:21:08,98.1,53.8,98.2
2026-03-10 10:21:13,36.8,53.5,98.2
2026-03-10 10:21:13,48.2,53.5,98.2
2026-03-10 10:21:17,32.7,53.3,98.2
2026-03-10 10:21:17,64.0,53.3,98.2
2026-03-10 10:21:21,36.0,53.2,98.3
2026-03-10 10:21:21,61.0,53.3,98.3
2026-03-10 10:21:25,40.4,53.3,98.3
2026-03-10 10:21:25,59.6,53.3,98.3
2026-03-10 10:21:29,25.0,53.1,98.3
2026-03-10 10:21:29,61.2,53.1,98.3
2026-03-10 10:21:33,38.6,53.2,98.3
2026-03-10 10:21:33,62.1,53.2,98.3
2026-03-10 10:21:37,94.9,53.5,98.3
2026-03-10 10:21:37,91.2,53.5,98.3
2026-03-10 10:21:42,34.0,53.5,98.3
2026-03-10 10:21:42,56.4,53.5,98.3
2026-03-10 10:21:46,24.5,53.7,98.3
2026-03-10 10:21:46,38.0,53.7,98.3
2026-03-10 10:21:50,34.5,54.0,98.5
2026-03-10 10:21:50,36.7,54.1,98.5
2026-03-10 10:21:54,20.8,45.5,98.5
2026-03-10 10:21:57,62.7,45.4,97.9
2026-03-10 10:22:00,37.5,49.4,97.9
2026-03-10 10:22:04,14.5,48.5,97.9
2026-03-10 10:22:07,57.1,45.8,97.9
2026-03-10 10:22:10,18.0,47.4,97.9
2026-03-10 10:22:14,96.9,48.3,97.9
2026-03-10 10:22:19,100.0,50.4,97.9
2026-03-10 10:22:29,100.0,52.0,97.9
2026-03-10 10:22:34,100.0,53.2,98.0
2026-03-10 10:22:39,100.0,55.0,98.0
2026-03-10 10:22:44,68.8,55.2,98.0
2026-03-10 10:22:48,100.0,54.5,97.8
2026-03-10 10:22:53,19.0,56.5,97.8
2026-03-10 10:22:54,29.8,56.1,97.8
2026-03-10 10:22:56,43.8,56.5,97.8
2026-03-10 10:22:57,12.5,56.4,97.8
2026-03-10 10:23:00,11.1,56.3,97.8
2026-03-10 10:23:00,11.3,56.3,97.8
2026-03-10 10:23:03,12.7,56.1,97.8
2026-03-10 10:23:04,69.8,56.0,97.8
2026-03-10 10:23:06,2.1,55.4,97.8
2026-03-10 10:23:07,19.6,55.4,97.8
2026-03-10 10:23:10,100.0,56.9,98.0
2026-03-10 10:23:11,89.8,57.4,98.0
2026-03-10 10:23:15,36.0,57.6,97.8
2026-03-10 10:23:15,44.0,57.6,97.8
2026-03-10 10:23:18,16.3,59.7,97.8
2026-03-10 10:23:19,39.3,59.7,97.8
2026-03-10 10:23:22,100.0,59.0,97.8
2026-03-10 10:23:23,52.0,59.4,97.8
2026-03-10 10:23:27,42.9,58.1,98.5
2026-03-10 10:23:27,79.2,58.4,98.5
2026-03-10 10:23:31,20.0,60.8,98.6
2026-03-10 10:23:32,25.0,60.9,98.6
2026-03-10 10:23:35,12.5,61.9,98.6
2026-03-10 10:23:35,28.6,61.9,98.6
2026-03-10 10:23:40,31.7,58.9,98.9
2026-03-10 10:23:40,55.9,57.8,98.9
2026-03-10 10:23:44,33.3,58.8,98.9
2026-03-10 10:23:44,38.8,58.7,98.9
2026-03-10 10:23:50,65.6,59.3,98.4
2026-03-10 10:23:50,64.7,59.3,98.4
2026-03-10 10:23:54,10.0,59.8,98.4
2026-03-10 10:23:54,22.8,59.8,98.4
2026-03-10 10:23:58,35.3,59.6,98.4
2026-03-10 10:23:58,29.8,59.6,98.4
2026-03-10 10:24:02,4.2,59.3,98.1
2026-03-10 10:24:02,14.0,59.3,98.1
2026-03-10 10:24:06,37.3,59.3,98.1
2026-03-10 10:24:06,45.8,59.3,98.1
2026-03-10 10:24:10,0.0,59.0,98.1
2026-03-10 10:24:10,18.8,59.0,98.1
2026-03-10 10:24:14,44.1,59.5,98.2
2026-03-10 10:24:14,29.8,59.6,98.2
2026-03-10 10:24:18,41.7,58.6,98.2
2026-03-10 10:24:18,76.8,58.7,98.2
2026-03-10 10:24:25,52.9,60.2,98.3
2026-03-10 10:24:25,91.8,60.3,98.3
2026-03-10 10:24:30,30.4,59.6,98.4
2026-03-10 10:24:31,61.2,59.7,98.4
2026-03-10 10:24:35,39.6,59.4,98.4
2026-03-10 10:24:35,71.9,59.6,98.5
2026-03-10 10:24:39,20.8,60.1,98.6
2026-03-10 10:24:39,52.1,60.1,98.6
2026-03-10 10:24:43,69.6,59.9,98.6
2026-03-10 10:24:43,53.4,59.9,98.6
2026-03-10 10:24:47,1.8,59.2,98.6
2026-03-10 10:24:47,33.3,59.2,98.6
2026-03-10 10:24:51,26.9,58.8,98.2
2026-03-10 10:24:52,34.0,58.8,98.2
2026-03-10 10:24:55,27.5,58.8,98.2
2026-03-10 10:24:56,21.1,58.9,98.2
2026-03-10 10:24:59,84.2,59.3,98.2
2026-03-10 10:25:00,71.4,59.3,98.2
2026-03-10 10:25:03,39.6,59.9,98.2
2026-03-10 10:25:04,42.9,60.0,98.3
2026-03-10 10:25:04,31.2,60.0,98.3
2026-03-10 10:25:07,76.3,60.1,98.3
2026-03-10 10:25:08,31.2,60.0,98.3
2026-03-10 10:25:08,45.8,60.0,98.3
2026-03-10 10:25:11,46.9,60.0,98.3
2026-03-10 10:25:12,39.6,60.0,98.3
2026-03-10 10:25:12,35.7,60.0,98.3
2026-03-10 10:25:15,94.9,60.4,98.3
2026-03-10 10:25:16,59.6,60.7,98.3
2026-03-10 10:25:16,53.1,60.7,98.3
2026-03-10 10:25:19,57.1,61.3,98.3
2026-03-10 10:25:20,5.9,61.2,98.3
2026-03-10 10:25:20,5.9,61.2,98.3
2026-03-10 10:25:22,20.8,61.0,98.3
2026-03-10 10:25:24,3.6,60.4,98.3
2026-03-10 10:25:24,3.6,60.4,98.3
2026-03-10 10:25:26,25.0,60.6,98.3
2026-03-10 10:25:28,1.8,60.4,98.3
2026-03-10 10:25:29,25.0,60.3,98.3
2026-03-10 10:25:32,39.3,60.1,98.3
2026-03-10 10:25:32,39.3,60.1,98.3
2026-03-10 10:25:33,31.2,59.9,98.3
2026-03-10 10:25:36,0.0,59.8,98.3
2026-03-10 10:25:36,0.0,59.8,98.3
2026-03-10 10:25:36,25.0,59.8,98.3
2026-03-10 10:25:40,3.8,59.8,98.3
2026-03-10 10:25:40,17.9,59.8,98.3
2026-03-10 10:25:40,26.8,59.8,98.3
2026-03-10 10:25:44,8.0,59.7,98.3
2026-03-10 10:25:44,12.5,59.7,98.3
2026-03-10 10:25:44,34.0,59.7,98.3
2026-03-10 10:25:47,3.8,59.2,98.3
2026-03-10 10:25:47,6.8,59.2,98.3
2026-03-10 10:25:48,28.6,59.2,98.3
2026-03-10 10:25:51,2.0,59.1,98.3
2026-03-10 10:25:51,8.9,59.1,98.3
2026-03-10 10:25:51,33.3,59.1,98.3
2026-03-10 10:25:55,3.8,59.1,98.3
2026-03-10 10:25:55,8.9,59.1,98.3
2026-03-10 10:25:55,27.1,59.1,98.3
2026-03-10 10:25:59,5.9,58.9,98.3
2026-03-10 10:25:59,12.5,58.9,98.3
2026-03-10 10:25:59,20.8,58.9,98.3
2026-03-10 10:26:03,4.2,58.9,98.3
2026-03-10 10:26:03,12.5,58.9,98.3
2026-03-10 10:26:03,17.9,58.9,98.3
2026-03-10 10:26:06,7.5,58.9,98.3
2026-03-10 10:26:06,16.7,58.9,98.3
2026-03-10 10:26:06,14.6,58.9,98.3
2026-03-10 10:26:10,0.0,58.9,98.3
2026-03-10 10:26:10,21.1,58.9,98.3
2026-03-10 10:26:10,22.4,58.9,98.3
2026-03-10 10:26:14,3.9,58.9,98.3
2026-03-10 10:26:14,12.5,58.9,98.3
2026-03-10 10:26:14,20.4,58.9,98.3
2026-03-10 10:26:17,5.5,58.9,98.3
2026-03-10 10:26:18,12.5,58.9,98.3
2026-03-10 10:26:18,16.1,58.9,98.3
2026-03-10 10:26:21,0.0,58.8,98.3
2026-03-10 10:26:21,19.3,58.8,98.3
2026-03-10 10:26:21,19.3,58.8,98.3
2026-03-10 10:26:24,61.0,58.2,98.3
2026-03-10 10:26:25,22.4,58.4,98.3
2026-03-10 10:26:25,34.7,58.4,98.3
2026-03-10 10:26:28,49.1,58.7,98.3
2026-03-10 10:26:29,29.2,58.7,98.3
2026-03-10 10:26:29,20.8,58.7,98.3
2026-03-10 10:26:32,47.4,58.7,98.3
2026-03-10 10:26:32,42.6,58.7,98.3
2026-03-10 10:26:33,77.6,58.7,98.3
2026-03-10 10:26:35,82.7,59.0,98.3
2026-03-10 10:26:37,87.9,59.4,98.3
2026-03-10 10:26:37,90.0,59.4,98.3
2026-03-10 10:26:40,41.1,60.1,98.3
2026-03-10 10:26:42,5.9,60.1,98.3
2026-03-10 10:26:44,9.8,60.0,98.3
2026-03-10 10:26:46,2.1,59.9,98.3
2026-03-10 10:26:47,19.6,59.9,98.3
2026-03-10 10:26:49,8.3,60.2,98.3
2026-03-10 10:26:49,8.3,60.2,98.3
2026-03-10 10:26:50,25.0,60.1,98.3
2026-03-10 10:26:53,0.0,60.0,98.3
2026-03-10 10:26:54,37.5,59.9,98.3
2026-03-10 10:26:56,11.3,59.9,98.3
2026-03-10 10:26:56,11.3,59.9,98.3
2026-03-10 10:26:57,25.0,59.9,98.3
2026-03-10 10:27:00,4.0,59.2,98.3
2026-03-10 10:27:00,5.6,59.2,98.3
2026-03-10 10:27:01,28.6,59.2,98.3
2026-03-10 10:27:04,0.0,58.9,98.3
2026-03-10 10:27:04,4.2,58.9,98.3
2026-03-10 10:27:04,25.0,58.9,98.3
2026-03-10 10:27:07,5.3,58.8,98.3
2026-03-10 10:27:07,10.4,58.8,98.3
2026-03-10 10:27:08,35.4,58.8,98.3
2026-03-10 10:27:11,8.9,58.7,98.3
2026-03-10 10:27:11,10.7,58.7,98.3
2026-03-10 10:27:11,39.2,58.7,98.3
2026-03-10 10:27:15,10.2,58.8,98.3
2026-03-10 10:27:15,30.2,58.8,98.3
2026-03-10 10:27:15,39.3,58.8,98.3
2026-03-10 10:27:19,37.3,57.7,98.3
2026-03-10 10:27:19,35.4,57.8,98.3
2026-03-10 10:27:22,1.9,57.7,98.3
2026-03-10 10:27:23,26.0,57.7,98.3
2026-03-10 10:27:26,0.0,57.7,98.3
2026-03-10 10:27:26,18.4,57.7,98.3
2026-03-10 10:27:29,0.0,57.6,98.3
2026-03-10 10:27:29,34.7,57.6,98.3
2026-03-10 10:27:33,3.8,57.4,98.3
2026-03-10 10:27:33,12.1,57.4,98.3
2026-03-10 10:27:36,8.0,57.4,98.3
2026-03-10 10:27:36,57.1,57.6,98.3
2026-03-10 10:27:40,12.3,57.7,98.3
2026-03-10 10:27:40,36.7,57.8,98.3
2026-03-10 10:27:43,47.4,57.7,98.3
2026-03-10 10:27:43,46.0,57.7,98.3
2026-03-10 10:27:47,21.2,57.4,98.3
2026-03-10 10:27:47,21.6,57.4,98.3
2026-03-10 10:27:50,66.7,58.2,98.3
2026-03-10 10:27:50,68.8,58.2,98.3
2026-03-10 10:27:54,7.4,58.6,98.3
2026-03-10 10:27:54,22.9,58.6,98.3
2026-03-10 10:27:58,17.6,58.7,98.3
2026-03-10 10:27:58,44.9,58.7,98.3
2026-03-10 10:28:01,8.9,59.1,98.3
2026-03-10 10:28:01,18.8,59.2,98.3
2026-03-10 10:28:04,15.1,59.1,98.3
2026-03-10 10:28:05,20.0,59.1,98.3
2026-03-10 10:28:08,12.5,59.0,98.3
2026-03-10 10:28:08,14.6,59.0,98.3
2026-03-10 10:28:11,9.4,59.3,98.3
2026-03-10 10:28:12,18.0,59.3,98.3
2026-03-10 10:28:15,58.6,59.4,98.3
2026-03-10 10:28:15,31.2,59.5,98.3
2026-03-10 10:28:17,2.1,59.8,98.3
2026-03-10 10:28:19,16.7,59.9,98.3
2026-03-10 10:28:19,33.3,59.9,98.3
2026-03-10 10:28:20,6.0,59.9,98.3
2026-03-10 10:28:22,2.0,59.9,98.3
2026-03-10 10:28:22,22.9,59.9,98.3
2026-03-10 10:28:23,40.0,59.9,98.3
2026-03-10 10:28:26,0.0,59.9,98.3
2026-03-10 10:28:26,12.5,59.9,98.3
2026-03-10 10:28:27,31.0,59.9,98.3
2026-03-10 10:28:29,34.7,59.9,98.3
2026-03-10 10:28:30,58.3,60.0,98.3
2026-03-10 10:28:30,43.1,60.0,98.3
2026-03-10 10:28:33,29.4,60.2,98.3
2026-03-10 10:28:33,39.0,60.5,98.3
2026-03-10 10:28:34,27.1,60.6,98.3
2026-03-10 10:28:36,13.8,60.9,98.3
2026-03-10 10:28:37,12.5,60.9,98.3
2026-03-10 10:28:37,32.7,60.9,98.3
2026-03-10 10:28:40,10.7,60.4,98.3
2026-03-10 10:28:40,29.2,60.4,98.3
2026-03-10 10:28:41,45.8,60.3,98.3
2026-03-10 10:28:43,6.0,60.2,98.3
2026-03-10 10:28:44,14.6,60.2,98.3
2026-03-10 10:28:44,27.1,60.2,98.3
2026-03-10 10:28:46,22.6,60.1,98.3
2026-03-10 10:28:48,39.0,60.1,98.3
2026-03-10 10:28:48,17.9,60.1,98.3
2026-03-10 10:28:49,17.0,60.2,98.3
2026-03-10 10:28:51,11.1,60.2,98.3
2026-03-10 10:28:51,14.3,60.2,98.3
2026-03-10 10:28:52,25.0,60.2,98.3
2026-03-10 10:28:54,4.2,60.1,98.3
2026-03-10 10:28:55,12.5,60.1,98.3
2026-03-10 10:28:55,29.2,60.0,98.3
2026-03-10 10:28:58,3.9,59.8,98.3
2026-03-10 10:28:58,32.1,59.8,98.3
2026-03-10 10:28:59,35.4,59.8,98.3
2026-03-10 10:29:01,16.4,59.8,98.3
2026-03-10 10:29:01,12.5,59.8,98.3
2026-03-10 10:29:02,44.8,59.8,98.3
2026-03-10 10:29:05,0.0,60.0,98.3
2026-03-10 10:29:05,16.7,60.0,98.3
2026-03-10 10:29:05,28.6,60.0,98.3
2026-03-10 10:29:08,2.1,59.9,98.3
2026-03-10 10:29:08,22.0,59.9,98.3
2026-03-10 10:29:09,29.2,59.9,98.3
2026-03-10 10:29:11,2.1,59.9,98.3
2026-03-10 10:29:12,12.5,59.9,98.3
2026-03-10 10:29:12,25.0,59.9,98.3
2026-03-10 10:29:15,12.3,59.8,98.3
2026-03-10 10:29:15,14.6,59.8,98.3
2026-03-10 10:29:15,40.8,59.8,98.3
2026-03-10 10:29:18,12.5,59.7,98.3
2026-03-10 10:29:19,12.5,59.7,98.3
2026-03-10 10:29:19,12.5,59.7,98.3
2026-03-10 10:29:21,8.3,59.7,98.3
2026-03-10 10:29:22,37.5,59.8,98.3
2026-03-10 10:29:22,37.5,60.0,98.3
2026-03-10 10:29:24,6.1,60.1,98.3
2026-03-10 10:29:25,3.8,60.2,98.3
2026-03-10 10:29:26,18.3,60.2,98.3
2026-03-10 10:29:27,50.0,60.2,98.3
2026-03-10 10:29:29,7.7,60.2,98.3
2026-03-10 10:29:29,12.5,60.2,98.3
2026-03-10 10:29:30,25.0,60.2,98.3
2026-03-10 10:29:32,7.4,60.0,98.3
2026-03-10 10:29:32,12.5,60.0,98.3
2026-03-10 10:29:33,25.0,60.0,98.3
2026-03-10 10:29:36,2.2,59.8,98.3
2026-03-10 10:29:36,12.7,59.8,98.3
2026-03-10 10:29:36,25.0,59.8,98.3
2026-03-10 10:29:39,2.0,59.8,98.3
2026-03-10 10:29:39,12.5,59.8,98.3
2026-03-10 10:29:39,26.8,59.8,98.3
2026-03-10 10:29:42,2.1,59.8,98.3
2026-03-10 10:29:42,13.7,59.8,98.3
2026-03-10 10:29:43,27.1,59.8,98.3
2026-03-10 10:29:45,7.5,59.8,98.3
2026-03-10 10:29:46,14.3,59.8,98.3
2026-03-10 10:29:46,25.0,59.8,98.3
2026-03-10 10:29:48,0.0,59.8,98.3
2026-03-10 10:29:49,15.1,59.8,98.3
2026-03-10 10:29:49,26.8,59.8,98.3
2026-03-10 10:29:51,20.8,60.0,98.3
2026-03-10 10:29:52,0.0,59.9,98.3
2026-03-10 10:29:53,14.3,59.9,98.3
2026-03-10 10:29:54,8.9,59.9,98.3
2026-03-10 10:29:56,7.0,59.9,98.3
2026-03-10 10:29:56,24.1,60.0,98.3
2026-03-10 10:29:57,6.1,59.9,98.3
2026-03-10 10:29:59,6.7,59.9,98.3
2026-03-10 10:29:59,8.3,59.9,98.3
2026-03-10 10:30:00,22.9,59.7,98.3
2026-03-10 10:30:02,10.7,59.9,98.3
2026-03-10 10:30:02,17.9,59.9,98.3
2026-03-10 10:30:04,55.2,60.2,98.3
2026-03-10 10:30:06,18.4,60.7,98.3
2026-03-10 10:30:06,29.2,60.8,98.3
2026-03-10 10:30:08,4.1,60.8,98.3
2026-03-10 10:30:09,6.0,60.9,98.3
2026-03-10 10:30:10,19.6,60.9,98.3
2026-03-10 10:30:11,31.2,60.9,98.3
2026-03-10 10:30:13,10.7,60.9,98.3
2026-03-10 10:30:13,14.6,60.9,98.3
2026-03-10 10:30:14,25.0,61.0,98.3
2026-03-10 10:30:16,14.3,61.0,98.3
2026-03-10 10:30:16,13.5,61.0,98.3
2026-03-10 10:30:17,27.1,61.0,98.3
2026-03-10 10:30:20,5.4,61.1,98.3
2026-03-10 10:30:20,28.8,61.1,98.3
2026-03-10 10:30:20,25.0,61.1,98.3
2026-03-10 10:30:23,13.5,61.1,98.3
2026-03-10 10:30:23,16.1,61.1,98.3
2026-03-10 10:30:23,46.9,61.1,98.3
2026-03-10 10:30:26,29.8,61.1,98.3
2026-03-10 10:30:27,15.8,61.1,98.3
2026-03-10 10:30:27,31.2,61.1,98.3
2026-03-10 10:30:30,1.8,61.1,98.3
2026-03-10 10:30:30,17.9,61.1,98.3
2026-03-10 10:30:30,39.6,61.1,98.3
2026-03-10 10:30:33,0.0,60.7,98.3
2026-03-10 10:30:34,14.6,60.7,98.3
2026-03-10 10:30:34,25.0,60.7,98.3
2026-03-10 10:30:36,1.9,60.5,98.3
2026-03-10 10:30:37,6.2,60.5,98.3
2026-03-10 10:30:37,18.8,60.4,98.3
2026-03-10 10:30:39,4.2,60.3,98.3
2026-03-10 10:30:40,17.3,60.4,98.3
2026-03-10 10:30:40,14.3,60.4,98.3
2026-03-10 10:30:42,15.2,60.4,98.3
2026-03-10 10:30:44,23.1,60.4,98.3
2026-03-10 10:30:44,12.2,60.4,98.3
2026-03-10 10:30:45,3.8,60.4,98.3
2026-03-10 10:30:47,63.5,60.4,98.3
2026-03-10 10:30:47,30.4,60.4,98.3
2026-03-10 10:30:48,22.6,60.5,98.3
2026-03-10 10:30:50,16.4,60.5,98.3
2026-03-10 10:30:50,20.8,60.5,98.3
2026-03-10 10:30:51,56.2,60.6,98.3
2026-03-10 10:30:54,11.5,61.0,98.3
2026-03-10 10:30:54,25.0,61.0,98.3
2026-03-10 10:30:55,32.7,61.0,98.3
2026-03-10 10:30:57,21.7,61.0,98.3
2026-03-10 10:30:57,18.8,61.0,98.3
2026-03-10 10:30:58,36.0,61.0,98.3
2026-03-10 10:31:00,9.3,60.9,98.3
2026-03-10 10:31:01,18.0,60.9,98.3
2026-03-10 10:31:01,50.0,60.5,98.3
2026-03-10 10:31:04,14.3,60.6,98.3
2026-03-10 10:31:04,16.3,60.6,98.3
2026-03-10 10:31:04,39.6,60.6,98.3
2026-03-10 10:31:07,15.8,60.6,98.3
2026-03-10 10:31:08,12.5,60.6,98.3
2026-03-10 10:31:08,25.0,60.6,98.3
2026-03-10 10:31:10,17.6,60.5,98.3
2026-03-10 10:31:11,24.6,60.3,98.3
2026-03-10 10:31:11,39.3,60.3,98.3
2026-03-10 10:31:14,22.8,60.4,98.3
2026-03-10 10:31:14,14.6,60.4,98.3
2026-03-10 10:31:15,17.9,60.3,98.3
2026-03-10 10:31:17,0.0,60.4,98.3
2026-03-10 10:31:18,22.9,60.4,98.3
2026-03-10 10:31:18,12.5,60.4,98.3
2026-03-10 10:31:20,26.0,60.3,98.3
2026-03-10 10:31:21,22.8,60.3,98.3
2026-03-10 10:31:21,12.5,60.3,98.3
2026-03-10 10:31:23,8.8,60.3,98.3
2026-03-10 10:31:24,30.6,60.3,98.3
2026-03-10 10:31:25,14.3,60.3,98.3
2026-03-10 10:31:26,22.8,60.3,98.3
2026-03-10 10:31:28,20.0,60.4,98.3
2026-03-10 10:31:28,19.6,60.4,98.3
2026-03-10 10:31:29,34.7,60.4,98.3
2026-03-10 10:31:31,1.9,60.4,98.3
2026-03-10 10:31:31,12.5,60.4,98.3
2026-03-10 10:31:32,37.5,60.4,98.3
2026-03-10 10:31:34,27.1,60.3,98.3
2026-03-10 10:31:34,12.5,60.3,98.3
2026-03-10 10:31:35,52.1,60.3,98.3
2026-03-10 10:31:38,37.5,60.5,98.3
2026-03-10 10:31:38,32.1,60.5,98.3
2026-03-10 10:31:38,67.9,60.6,98.3
2026-03-10 10:31:41,10.3,60.6,98.3
2026-03-10 10:31:42,50.9,60.6,98.3
2026-03-10 10:31:42,30.6,60.6,98.3
2026-03-10 10:31:45,34.0,60.5,98.3
2026-03-10 10:31:45,35.7,60.5,98.3
2026-03-10 10:31:45,25.0,60.5,98.3
2026-03-10 10:31:48,17.2,60.5,98.3
2026-03-10 10:31:49,39.6,60.5,98.3
2026-03-10 10:31:49,39.6,60.5,98.3
2026-03-10 10:31:52,3.6,60.5,98.3
2026-03-10 10:31:53,52.6,60.6,98.3
2026-03-10 10:31:53,51.0,60.6,98.3
2026-03-10 10:31:55,30.4,60.7,98.3
2026-03-10 10:31:56,46.9,60.7,98.3
2026-03-10 10:31:56,60.0,60.7,98.3
2026-03-10 10:31:59,15.8,61.1,98.3
2026-03-10 10:32:00,19.3,61.1,98.3
2026-03-10 10:32:00,20.4,61.1,98.3
2026-03-10 10:32:02,7.5,61.1,98.3
2026-03-10 10:32:03,2.1,61.1,98.3
2026-03-10 10:32:03,2.1,61.1,98.3
2026-03-10 10:32:05,0.0,61.0,98.3
2026-03-10 10:32:06,6.2,61.0,98.3
2026-03-10 10:32:06,6.2,61.0,98.3
2026-03-10 10:32:08,3.6,60.9,98.3
2026-03-10 10:32:10,9.1,60.9,98.3
2026-03-10 10:32:10,12.5,60.9,98.3
2026-03-10 10:32:11,25.0,60.8,98.3
2026-03-10 10:32:13,8.3,60.8,98.3
2026-03-10 10:32:13,8.9,60.8,98.3
2026-03-10 10:32:14,39.3,60.8,98.3
2026-03-10 10:32:16,1.9,60.7,98.3
2026-03-10 10:32:16,1.9,60.7,98.3
2026-03-10 10:32:17,25.0,60.6,98.3
2026-03-10 10:32:20,5.3,60.4,98.3
2026-03-10 10:32:20,5.3,60.4,98.3
2026-03-10 10:32:20,46.4,60.3,98.3
2026-03-10 10:32:23,9.6,60.4,98.3
2026-03-10 10:32:23,22.4,60.4,98.3
2026-03-10 10:32:23,42.0,60.4,98.3
2026-03-10 10:32:26,59.3,60.2,98.3
2026-03-10 10:32:27,62.0,60.2,98.3
2026-03-10 10:32:27,77.1,60.3,98.3
2026-03-10 10:32:31,14.3,60.5,98.3
2026-03-10 10:32:31,29.8,60.5,98.3
2026-03-10 10:32:31,43.9,60.5,98.3
2026-03-10 10:32:35,67.3,60.8,98.3
2026-03-10 10:32:35,37.5,60.8,98.3
2026-03-10 10:32:35,79.2,60.8,98.3
2026-03-10 10:32:39,31.2,61.2,98.3
2026-03-10 10:32:39,98.6,61.3,98.3
2026-03-10 10:32:39,57.1,61.3,98.3
2026-03-10 10:32:43,25.0,61.3,98.3
2026-03-10 10:32:43,25.0,61.3,98.3
2026-03-10 10:32:43,46.9,61.3,98.3
2026-03-10 10:32:47,22.9,61.3,98.3
2026-03-10 10:32:47,43.1,61.3,98.3
2026-03-10 10:32:47,37.7,61.3,98.3
2026-03-10 10:32:51,43.1,61.6,98.3
2026-03-10 10:32:51,45.8,61.6,98.3
2026-03-10 10:32:52,46.9,61.6,98.3
2026-03-10 10:32:55,14.6,61.6,98.3
2026-03-10 10:32:56,25.0,61.5,98.3
2026-03-10 10:32:56,42.9,61.5,98.3
2026-03-10 10:32:59,15.8,61.5,98.3
2026-03-10 10:33:00,20.8,61.5,98.3
2026-03-10 10:33:00,37.5,61.5,98.3
2026-03-10 10:33:03,12.2,61.4,98.3
2026-03-10 10:33:04,25.0,61.3,98.3
2026-03-10 10:33:04,26.9,61.3,98.3
2026-03-10 10:33:07,7.7,61.0,98.3
2026-03-10 10:33:07,26.4,61.0,98.3
2026-03-10 10:33:08,28.6,61.0,98.3
2026-03-10 10:33:11,2.0,61.1,98.3
2026-03-10 10:33:13,21.4,61.1,98.4
2026-03-10 10:33:13,20.4,61.2,98.4
2026-03-10 10:33:15,30.4,61.0,98.3
2026-03-10 10:33:17,17.2,60.9,98.3
2026-03-10 10:33:17,37.9,61.0,98.3
2026-03-10 10:33:19,37.5,61.5,98.3
2026-03-10 10:33:21,7.0,61.4,98.3
2026-03-10 10:33:21,31.4,61.5,98.3
2026-03-10 10:33:22,49.0,61.5,98.3
2026-03-10 10:33:24,12.0,61.5,98.3
2026-03-10 10:33:25,24.5,61.5,98.3
2026-03-10 10:33:25,71.6,61.4,98.3
2026-03-10 10:33:28,19.6,61.4,98.3
2026-03-10 10:33:29,29.2,61.5,98.3
2026-03-10 10:33:29,45.8,61.6,98.3
2026-03-10 10:33:32,35.4,61.7,98.3
2026-03-10 10:33:33,14.6,61.7,98.3
2026-03-10 10:33:33,29.8,61.7,98.3
2026-03-10 10:33:35,7.0,63.2,98.3
2026-03-10 10:33:37,30.6,62.9,98.3
2026-03-10 10:33:37,53.4,62.9,98.3
2026-03-10 10:33:39,6.2,62.8,98.3
2026-03-10 10:33:40,26.8,62.3,98.3
2026-03-10 10:33:41,42.1,62.3,98.3
2026-03-10 10:33:43,20.8,62.5,98.3
2026-03-10 10:33:45,17.3,62.5,98.3
2026-03-10 10:33:45,29.2,62.5,98.3
2026-03-10 10:33:47,7.5,62.5,98.3
2026-03-10 10:33:49,7.3,62.5,98.3
2026-03-10 10:33:49,12.5,62.5,98.3
2026-03-10 10:33:50,29.2,62.5,98.3
2026-03-10 10:33:52,9.6,62.5,98.3
2026-03-10 10:33:53,12.5,62.5,98.3
2026-03-10 10:33:54,30.0,62.6,98.3
2026-03-10 10:33:56,6.0,62.6,98.3
2026-03-10 10:33:56,12.5,62.6,98.3
2026-03-10 10:33:57,31.2,62.6,98.3
2026-03-10 10:34:00,10.0,62.1,98.3
2026-03-10 10:34:00,13.7,62.1,98.3
2026-03-10 10:34:01,39.3,62.1,98.3
2026-03-10 10:34:03,6.2,62.0,98.3
2026-03-10 10:34:04,16.7,62.0,98.3
2026-03-10 10:34:04,28.6,62.0,98.3
2026-03-10 10:34:07,18.5,61.9,98.3
2026-03-10 10:34:07,23.5,61.9,98.3
2026-03-10 10:34:08,50.0,61.9,98.3
2026-03-10 10:34:10,13.0,61.9,98.3
2026-03-10 10:34:11,30.4,61.9,98.3
2026-03-10 10:34:12,50.0,62.0,98.3
2026-03-10 10:34:14,12.3,62.0,98.3
2026-03-10 10:34:15,47.5,62.1,98.3
2026-03-10 10:34:15,55.1,62.1,98.3
2026-03-10 10:34:18,16.7,62.4,98.3
2026-03-10 10:34:19,26.8,63.1,98.3
2026-03-10 10:34:19,51.8,63.2,98.3
2026-03-10 10:34:22,31.5,64.4,98.3
2026-03-10 10:34:23,45.3,65.5,98.3
2026-03-10 10:34:24,28.1,65.7,98.3
2026-03-10 10:34:26,21.8,65.1,98.3
2026-03-10 10:34:27,69.0,64.4,98.5
2026-03-10 10:34:27,44.0,64.4,98.4
2026-03-10 10:34:29,85.4,63.3,98.5
2026-03-10 10:34:31,27.1,61.2,98.3
2026-03-10 10:34:32,29.2,61.2,98.3
2026-03-10 10:34:34,31.4,61.3,98.3
2026-03-10 10:34:35,34.0,61.3,98.3
2026-03-10 10:34:36,26.8,61.3,98.3
2026-03-10 10:34:37,40.0,61.3,98.3
2026-03-10 10:34:39,11.3,61.8,98.3
2026-03-10 10:34:39,25.0,61.8,98.3
2026-03-10 10:34:41,33.3,61.8,98.3
2026-03-10 10:34:43,36.8,61.7,98.3
2026-03-10 10:34:43,55.2,61.6,98.3
2026-03-10 10:34:44,42.1,61.6,98.3
2026-03-10 10:34:47,17.5,61.6,98.3
2026-03-10 10:34:47,27.6,61.5,98.3
2026-03-10 10:34:48,57.1,61.5,98.3
2026-03-10 10:34:51,19.2,61.6,98.3
2026-03-10 10:34:51,45.6,61.6,98.3
2026-03-10 10:34:52,26.3,61.6,98.3
2026-03-10 10:34:54,0.0,60.6,98.3
2026-03-10 10:34:55,16.1,60.5,98.3
2026-03-10 10:34:57,12.2,60.7,98.3
2026-03-10 10:34:59,12.5,60.7,98.3
2026-03-10 10:35:01,7.4,60.8,98.3
2026-03-10 10:35:02,3.7,60.7,98.3
2026-03-10 10:35:04,0.0,60.7,98.3
2026-03-10 10:35:05,12.7,60.7,98.3
2026-03-10 10:35:07,5.4,60.5,98.3
2026-03-10 10:35:08,1.9,60.4,98.3
2026-03-10 10:35:10,6.2,60.4,98.3
2026-03-10 10:35:11,5.4,60.7,98.3
2026-03-10 10:35:13,21.1,60.7,98.3
2026-03-10 10:35:14,9.8,60.7,98.3
2026-03-10 10:35:16,0.0,60.6,98.3
2026-03-10 10:35:18,0.0,60.6,98.3
2026-03-10 10:35:19,6.9,60.6,98.3
2026-03-10 10:35:21,7.7,60.6,98.3
2026-03-10 10:35:23,2.0,60.6,98.3
2026-03-10 10:35:24,24.1,60.5,98.3
2026-03-10 10:35:26,8.5,60.6,98.3
2026-03-10 10:35:27,7.8,60.5,98.3
2026-03-10 10:35:29,0.0,60.5,98.3
2026-03-10 10:35:30,4.0,60.4,98.3
2026-03-10 10:35:32,6.0,60.1,98.3
2026-03-10 10:35:33,0.0,60.0,98.3
2026-03-10 10:35:35,7.1,60.0,98.3
2026-03-10 10:35:36,40.0,60.1,98.3
2026-03-10 10:35:38,3.7,60.1,98.3
2026-03-10 10:35:39,9.4,60.1,98.3
2026-03-10 10:35:41,7.4,60.2,98.3
2026-03-10 10:35:43,0.0,60.1,98.3
2026-03-10 10:35:45,10.6,60.0,98.3
2026-03-10 10:35:46,17.9,60.0,98.3
2026-03-10 10:35:48,12.2,59.9,98.3
2026-03-10 10:35:49,6.0,59.9,98.3
2026-03-10 10:35:51,28.3,59.7,98.3
2026-03-10 10:35:52,34.4,59.7,98.3
2026-03-10 10:35:54,10.0,59.7,98.3
2026-03-10 10:35:55,2.0,59.7,98.3
2026-03-10 10:35:57,35.8,59.7,98.3
2026-03-10 10:35:59,7.7,60.0,98.3
2026-03-10 10:36:01,100.0,55.4,98.3
2026-03-10 10:36:02,41.7,56.1,98.3
2026-03-10 10:36:05,14.3,55.5,98.3
2026-03-10 10:36:05,14.3,55.4,98.3
2026-03-10 10:36:08,29.3,55.3,98.3
2026-03-10 10:36:09,19.6,55.3,98.3
2026-03-10 10:36:11,0.0,55.3,98.3
2026-03-10 10:36:12,21.4,55.3,98.3
2026-03-10 10:36:15,7.4,44.5,98.3
2026-03-10 10:36:15,51.7,44.6,98.3
2026-03-10 10:36:19,32.7,45.4,98.3
2026-03-10 10:36:19,15.8,45.3,98.3
2026-03-10 10:36:21,2.0,45.4,98.3
2026-03-10 10:36:22,15.8,45.3,98.3
2026-03-10 10:36:24,16.1,45.4,98.3
2026-03-10 10:36:25,25.0,45.4,98.3
2026-03-10 10:36:27,10.3,45.4,98.3
2026-03-10 10:36:28,20.0,45.4,98.3
2026-03-10 10:36:30,6.1,45.4,98.3
2026-03-10 10:36:31,19.6,45.4,98.3
2026-03-10 10:36:33,12.3,45.4,98.3
2026-03-10 10:36:34,14.6,45.3,98.3
2026-03-10 10:36:36,12.0,45.2,98.3
2026-03-10 10:36:37,17.9,45.2,98.3
2026-03-10 10:36:39,1.9,45.1,98.3
2026-03-10 10:36:40,25.0,45.1,98.3
2026-03-10 10:36:42,0.0,45.1,98.3
2026-03-10 10:36:43,28.6,45.1,98.3
2026-03-10 10:36:45,19.6,45.0,98.3
2026-03-10 10:36:46,16.7,45.0,98.3
2026-03-10 10:36:48,14.3,45.0,98.3
2026-03-10 10:36:49,17.3,45.0,98.3
2026-03-10 10:36:51,0.0,45.0,98.3
2026-03-10 10:36:51,38.6,45.0,98.3
2026-03-10 10:36:54,14.8,45.0,98.3
2026-03-10 10:36:54,12.5,45.0,98.3
2026-03-10 10:36:57,11.8,45.0,98.3
2026-03-10 10:36:57,19.6,45.0,98.3
2026-03-10 10:37:00,2.0,45.1,98.3
2026-03-10 10:37:00,16.7,45.0,98.3
2026-03-10 10:37:03,0.0,45.0,98.2
2026-03-10 10:37:03,22.9,45.0,98.2
2026-03-10 10:37:06,13.5,45.0,98.2
2026-03-10 10:37:06,22.4,45.0,98.2
2026-03-10 10:37:09,2.1,45.0,98.2
2026-03-10 10:37:09,16.1,45.0,98.2
2026-03-10 10:37:12,0.0,45.0,98.2
2026-03-10 10:37:12,32.1,45.0,98.2
2026-03-10 10:37:15,17.3,45.0,98.2
2026-03-10 10:37:15,24.6,45.0,98.2
2026-03-10 10:37:18,17.0,45.0,98.2
2026-03-10 10:37:18,16.1,45.0,98.2
2026-03-10 10:37:21,2.1,45.0,98.2
2026-03-10 10:37:21,17.2,45.1,98.2
2026-03-10 10:37:24,13.5,45.1,98.2
2026-03-10 10:37:24,40.8,45.1,98.2
2026-03-10 10:37:27,36.0,45.3,98.2
2026-03-10 10:37:27,33.9,45.3,98.2
2026-03-10 10:37:30,1.9,45.3,98.2
2026-03-10 10:37:30,27.1,45.3,98.2
2026-03-10 10:37:33,18.4,45.2,98.3
2026-03-10 10:37:33,30.5,45.3,98.3
2026-03-10 10:37:37,5.6,45.2,98.3
2026-03-10 10:37:37,19.3,45.2,98.3
2026-03-10 10:37:40,30.5,45.0,98.3
2026-03-10 10:37:40,31.2,45.0,98.3
2026-03-10 10:37:43,11.5,45.0,98.3
2026-03-10 10:37:43,12.5,44.9,98.3
2026-03-10 10:37:46,7.4,44.9,98.3
2026-03-10 10:37:46,12.5,44.9,98.3
2026-03-10 10:37:49,38.6,44.9,98.3
2026-03-10 10:37:49,39.0,44.9,98.3
2026-03-10 10:37:52,13.0,45.2,98.3
2026-03-10 10:37:53,12.5,45.2,98.3
2026-03-10 10:37:55,13.8,44.9,98.3
2026-03-10 10:37:56,11.3,44.9,98.3
2026-03-10 10:37:59,8.7,44.9,98.3
2026-03-10 10:37:59,23.2,44.9,98.3
2026-03-10 10:38:02,20.7,44.9,98.3
2026-03-10 10:38:02,44.9,44.9,98.3
2026-03-10 10:38:05,16.3,44.8,98.3
2026-03-10 10:38:05,19.6,44.9,98.3
2026-03-10 10:38:08,0.0,44.9,98.3
2026-03-10 10:38:08,12.5,44.9,98.3
2026-03-10 10:38:11,13.5,44.9,98.3
2026-03-10 10:38:11,25.0,44.9,98.3
2026-03-10 10:38:14,0.0,44.8,98.3
2026-03-10 10:38:15,16.7,44.2,98.2
2026-03-10 10:38:17,8.0,44.1,98.2
2026-03-10 10:38:18,26.4,44.1,98.2
2026-03-10 10:38:21,13.2,44.0,98.2
2026-03-10 10:38:21,20.8,44.0,98.2
2026-03-10 10:38:24,0.0,43.9,98.2
2026-03-10 10:38:24,19.6,43.9,98.2
2026-03-10 10:38:27,1.8,43.8,98.2
2026-03-10 10:38:27,20.8,43.8,98.2
2026-03-10 10:38:30,15.4,43.8,98.2
2026-03-10 10:38:30,14.6,43.8,98.2
2026-03-10 10:38:33,2.2,43.8,98.2
2026-03-10 10:38:33,12.5,43.8,98.2
2026-03-10 10:38:36,7.4,43.8,98.2
2026-03-10 10:38:36,19.3,43.8,98.2
2026-03-10 10:38:39,19.2,43.8,98.2
2026-03-10 10:38:39,14.6,43.8,98.2
2026-03-10 10:38:42,5.6,43.8,98.2
2026-03-10 10:38:42,19.6,43.8,98.2
2026-03-10 10:38:45,31.0,44.2,98.2
2026-03-10 10:38:45,47.9,44.2,98.3
2026-03-10 10:38:48,3.9,44.6,98.3
2026-03-10 10:38:49,12.5,44.6,98.3
2026-03-10 10:38:51,10.9,44.6,98.3
2026-03-10 10:38:52,14.6,44.5,98.3
2026-03-10 10:38:54,27.8,44.9,98.3
2026-03-10 10:38:55,21.4,44.9,98.3
2026-03-10 10:38:57,15.8,45.0,98.3
2026-03-10 10:38:58,18.4,44.9,98.3
2026-03-10 10:39:00,2.1,44.9,98.3
2026-03-10 10:39:01,23.2,44.9,98.3
2026-03-10 10:39:03,0.0,45.0,98.3
2026-03-10 10:39:04,31.5,45.0,98.3
2026-03-10 10:39:06,0.0,44.9,98.3
2026-03-10 10:39:07,17.5,44.9,98.3
2026-03-10 10:39:09,16.1,44.9,98.3
2026-03-10 10:39:09,18.0,45.0,98.3
2026-03-10 10:39:12,25.0,44.9,98.3
2026-03-10 10:39:12,25.0,44.9,98.3
2026-03-10 10:39:15,11.3,44.9,98.3
2026-03-10 10:39:15,37.5,44.9,98.3
2026-03-10 10:39:18,2.0,44.2,98.3
2026-03-10 10:39:18,12.5,44.1,98.3
2026-03-10 10:39:21,5.9,44.0,98.3
2026-03-10 10:39:21,12.5,44.0,98.3
2026-03-10 10:39:24,23.1,44.0,98.3
2026-03-10 10:39:24,26.8,44.0,98.3
2026-03-10 10:39:27,4.1,44.0,98.3
2026-03-10 10:39:27,19.3,44.0,98.3
2026-03-10 10:39:30,9.1,44.0,98.3
2026-03-10 10:39:30,12.5,44.0,98.3
2026-03-10 10:39:33,16.7,44.0,98.3
2026-03-10 10:39:33,29.8,44.0,98.3
2026-03-10 10:39:36,9.8,44.0,98.3
2026-03-10 10:39:36,14.6,44.0,98.3
2026-03-10 10:39:39,3.6,44.0,98.3
2026-03-10 10:39:39,12.5,44.0,98.3
2026-03-10 10:39:42,13.8,44.0,98.3
2026-03-10 10:39:42,28.6,44.0,98.3
2026-03-10 10:39:45,6.1,44.0,98.3
2026-03-10 10:39:45,17.9,44.0,98.3
2026-03-10 10:39:48,15.5,44.0,98.3
2026-03-10 10:39:48,13.7,44.0,98.3
2026-03-10 10:39:51,19.2,44.0,98.3
2026-03-10 10:39:51,32.7,44.0,98.3
2026-03-10 10:39:54,2.0,44.0,98.3
2026-03-10 10:39:54,16.1,44.0,98.3
2026-03-10 10:39:57,2.1,44.0,98.3
2026-03-10 10:39:57,12.5,44.1,98.3
2026-03-10 10:39:59,19.6,44.1,98.3
2026-03-10 10:40:00,32.7,44.1,98.3
2026-03-10 10:40:02,0.0,44.1,98.3
2026-03-10 10:40:03,12.5,44.1,98.3
2026-03-10 10:40:05,17.3,43.5,98.3
2026-03-10 10:40:06,27.1,43.5,98.3
2026-03-10 10:40:08,8.7,43.6,98.3
2026-03-10 10:40:09,46.0,43.6,98.3
2026-03-10 10:40:11,5.9,43.6,98.3
2026-03-10 10:40:12,14.3,43.6,98.3
2026-03-10 10:40:14,13.5,43.6,98.3
2026-03-10 10:40:14,25.5,43.6,98.3
2026-03-10 10:40:17,10.9,43.6,98.3
2026-03-10 10:40:17,14.6,43.6,98.3
2026-03-10 10:40:20,21.1,43.5,98.3
2026-03-10 10:40:20,21.4,43.5,98.3
2026-03-10 10:40:23,10.3,43.9,98.3
2026-03-10 10:40:23,16.7,44.0,98.3
2026-03-10 10:40:26,10.9,44.7,98.3
2026-03-10 10:40:26,24.5,44.7,98.3
2026-03-10 10:40:29,10.5,44.9,98.3
2026-03-10 10:40:30,12.5,44.9,98.3
2026-03-10 10:40:32,2.1,45.0,98.3
2026-03-10 10:40:32,16.7,44.9,98.3
2026-03-10 10:40:35,1.7,44.9,98.3
2026-03-10 10:40:35,32.7,44.9,98.3
2026-03-10 10:40:38,10.7,45.1,98.3
2026-03-10 10:40:38,14.3,45.1,98.3
2026-03-10 10:40:41,18.5,45.1,98.3
2026-03-10 10:40:41,40.4,45.1,98.3
2026-03-10 10:40:44,23.5,45.3,98.3
2026-03-10 10:40:44,25.0,45.3,98.3
2026-03-10 10:40:47,3.4,45.5,98.3
2026-03-10 10:40:47,16.3,45.5,98.3
2026-03-10 10:40:50,12.1,45.4,98.3
2026-03-10 10:40:50,12.5,45.4,98.3
2026-03-10 10:40:53,0.0,45.3,98.3
2026-03-10 10:40:53,14.3,45.3,98.3
2026-03-10 10:40:56,0.0,43.4,98.3
2026-03-10 10:40:56,54.0,43.3,98.3
2026-03-10 10:40:59,10.9,43.2,98.3
2026-03-10 10:40:59,12.5,43.2,98.3
2026-03-10 10:41:02,0.0,43.0,98.3
2026-03-10 10:41:02,16.3,43.0,98.3
2026-03-10 10:41:04,18.4,43.3,98.3
2026-03-10 10:41:05,12.5,43.3,98.3
2026-03-10 10:41:07,3.8,43.6,98.3
2026-03-10 10:41:08,18.2,43.6,98.3
2026-03-10 10:41:11,16.7,43.9,98.3
2026-03-10 10:41:11,11.1,43.9,98.3
2026-03-10 10:41:14,6.0,44.0,98.3
2026-03-10 10:41:14,30.0,44.0,98.3
2026-03-10 10:41:16,24.6,43.9,98.3
2026-03-10 10:41:17,28.6,43.9,98.3
2026-03-10 10:41:19,8.0,43.7,98.3
2026-03-10 10:41:20,17.9,43.7,98.3
2026-03-10 10:41:23,21.1,43.5,98.3
2026-03-10 10:41:23,16.7,43.5,98.3
2026-03-10 10:41:26,16.0,43.8,98.3
2026-03-10 10:41:26,16.3,43.9,98.3
2026-03-10 10:41:29,10.6,44.1,98.3
2026-03-10 10:41:29,12.5,44.1,98.3
2026-03-10 10:41:31,3.6,43.4,98.3
2026-03-10 10:41:32,14.6,43.4,98.3
2026-03-10 10:41:34,7.7,43.3,98.3
2026-03-10 10:41:35,18.8,43.2,98.3
2026-03-10 10:41:37,13.2,43.4,98.3
2026-03-10 10:41:37,25.0,43.4,98.3
2026-03-10 10:41:40,12.0,43.7,98.3
2026-03-10 10:41:40,12.5,43.7,98.3
2026-03-10 10:41:43,0.0,44.0,98.3
2026-03-10 10:41:43,12.5,44.0,98.3
2026-03-10 10:41:46,6.0,44.0,98.3
2026-03-10 10:41:46,14.6,44.0,98.3
2026-03-10 10:41:49,5.9,43.7,98.3
2026-03-10 10:41:49,22.0,43.7,98.3
2026-03-10 10:41:52,16.3,43.4,98.3
2026-03-10 10:41:52,41.8,43.4,98.3
2026-03-10 10:41:55,2.0,43.7,98.3
2026-03-10 10:41:55,14.0,43.7,98.3
2026-03-10 10:41:58,16.3,43.9,98.3
2026-03-10 10:41:58,33.3,43.9,98.3
2026-03-10 10:42:01,18.9,44.2,98.3
2026-03-10 10:42:01,33.3,44.2,98.3
2026-03-10 10:42:04,9.8,44.5,98.3
2026-03-10 10:42:04,29.3,44.5,98.3
2026-03-10 10:42:07,11.3,45.1,98.3
2026-03-10 10:42:07,25.4,45.1,98.3
2026-03-10 10:42:11,7.3,45.6,98.3
2026-03-10 10:42:11,16.7,45.6,98.3
2026-03-10 10:42:14,3.9,45.8,98.3
2026-03-10 10:42:14,22.0,45.8,98.3
2026-03-10 10:42:17,8.8,45.7,98.3
2026-03-10 10:42:17,7.5,45.7,98.3
2026-03-10 10:42:19,7.5,44.1,98.3
2026-03-10 10:42:20,10.2,44.1,98.3
2026-03-10 10:42:22,7.1,44.3,98.3
2026-03-10 10:42:22,10.2,44.3,98.3
2026-03-10 10:42:25,5.5,44.4,98.3
2026-03-10 10:42:25,14.0,44.4,98.3
2026-03-10 10:42:28,23.1,44.7,98.3
2026-03-10 10:42:28,15.8,44.7,98.3
2026-03-10 10:42:31,37.3,44.9,98.3
2026-03-10 10:42:31,35.7,44.9,98.3
2026-03-10 10:42:34,21.4,44.7,98.3
2026-03-10 10:42:34,20.0,44.7,98.3
2026-03-10 10:42:38,31.6,44.6,98.3
2026-03-10 10:42:38,24.6,44.6,98.3
2026-03-10 10:42:41,11.8,45.2,98.3
2026-03-10 10:42:41,20.8,45.2,98.3
2026-03-10 10:42:44,13.8,45.7,98.3
2026-03-10 10:42:44,20.0,45.7,98.3
2026-03-10 10:42:47,2.0,45.7,98.3
2026-03-10 10:42:47,5.9,45.7,98.3
2026-03-10 10:42:50,19.2,44.3,98.3
2026-03-10 10:42:50,19.0,44.3,98.3
2026-03-10 10:42:53,9.4,44.1,98.3
2026-03-10 10:42:53,17.0,44.1,98.3
2026-03-10 10:42:55,0.0,44.2,98.3
2026-03-10 10:42:56,8.6,44.2,98.3
2026-03-10 10:42:59,0.0,44.5,98.3
2026-03-10 10:42:59,7.4,44.5,98.3
2026-03-10 10:43:02,2.2,44.6,98.3
2026-03-10 10:43:02,7.8,44.6,98.3
2026-03-10 10:43:05,18.2,44.9,98.3
2026-03-10 10:43:05,28.8,44.9,98.3
2026-03-10 10:43:08,5.6,44.9,98.3
2026-03-10 10:43:08,7.3,44.9,98.3
2026-03-10 10:43:11,17.0,45.6,98.3
2026-03-10 10:43:11,39.7,45.6,98.3
2026-03-10 10:43:14,14.6,44.7,98.3
2026-03-10 10:43:15,13.8,44.6,98.3
2026-03-10 10:43:17,1.9,44.9,98.3
2026-03-10 10:43:18,10.2,44.9,98.3
2026-03-10 10:43:20,7.1,44.8,98.3
2026-03-10 10:43:20,5.1,44.8,98.3
2026-03-10 10:43:23,16.0,44.7,98.3
2026-03-10 10:43:23,32.2,44.5,98.3
2026-03-10 10:43:26,14.5,44.3,98.3
2026-03-10 10:43:26,10.7,44.3,98.3
2026-03-10 10:43:29,0.0,44.3,98.3
2026-03-10 10:43:29,1.8,44.3,98.3
2026-03-10 10:43:32,3.8,44.4,98.3
2026-03-10 10:43:32,3.8,44.4,98.3
2026-03-10 10:43:35,0.0,44.8,98.3
2026-03-10 10:43:35,0.0,44.8,98.3
2026-03-10 10:43:38,12.8,45.1,98.3
2026-03-10 10:43:38,19.6,45.1,98.3
2026-03-10 10:43:41,7.7,45.2,98.3
2026-03-10 10:43:41,8.3,45.2,98.3
2026-03-10 10:43:44,29.8,45.2,98.3
2026-03-10 10:43:44,28.1,45.2,98.3
2026-03-10 10:43:47,17.2,45.1,98.3
2026-03-10 10:43:47,19.6,45.1,98.3
2026-03-10 10:43:51,14.3,45.5,98.3
2026-03-10 10:43:51,15.5,45.5,98.3
2026-03-10 10:43:54,1.9,46.5,98.3
2026-03-10 10:43:54,2.1,46.5,98.3
2026-03-10 10:43:57,5.5,47.5,98.3
2026-03-10 10:44:00,16.7,47.8,98.3
2026-03-10 10:44:03,7.4,48.2,98.3
2026-03-10 10:44:06,7.5,48.2,98.3
2026-03-10 10:44:09,26.3,46.2,98.3
2026-03-10 10:44:09,20.0,46.2,98.3
2026-03-10 10:44:12,6.1,45.1,98.3
2026-03-10 10:44:12,6.1,45.1,98.3
2026-03-10 10:44:15,25.5,45.6,98.3
2026-03-10 10:44:15,22.8,45.6,98.3
2026-03-10 10:44:18,0.0,45.8,98.3
2026-03-10 10:44:18,0.0,45.8,98.3
2026-03-10 10:44:21,13.5,46.0,98.3
2026-03-10 10:44:21,13.5,46.0,98.3
2026-03-10 10:44:24,50.8,46.0,98.3
2026-03-10 10:44:24,50.0,46.0,98.3
2026-03-10 10:44:27,8.3,46.0,98.3
2026-03-10 10:44:30,2.1,45.9,98.3
2026-03-10 10:44:33,2.1,46.0,98.3
2026-03-10 10:44:36,7.0,45.3,98.3
2026-03-10 10:44:39,14.5,45.3,98.3
2026-03-10 10:44:42,21.6,45.2,98.3
2026-03-10 10:44:45,0.0,45.2,98.3
2026-03-10 10:44:48,0.0,45.2,98.3
2026-03-10 10:44:51,2.0,45.2,98.3
2026-03-10 10:44:51,2.0,45.2,98.3
2026-03-10 10:44:54,3.8,45.2,98.3
2026-03-10 10:44:57,11.9,45.2,98.3
2026-03-10 10:45:00,11.8,45.4,98.3
2026-03-10 10:45:03,17.4,45.8,98.3
2026-03-10 10:45:06,1.8,45.7,98.3
2026-03-10 10:45:08,10.7,45.6,98.3
2026-03-10 10:45:08,10.7,45.6,98.3
2026-03-10 10:45:11,0.0,45.5,98.3
2026-03-10 10:45:11,0.0,45.5,98.3
2026-03-10 10:45:14,13.0,45.2,98.3
2026-03-10 10:45:17,10.0,45.2,98.3
2026-03-10 10:45:20,0.0,45.2,98.3
2026-03-10 10:45:23,2.1,45.2,98.3
2026-03-10 10:45:26,4.2,45.2,98.3
2026-03-10 10:45:26,4.2,45.2,98.3
2026-03-10 10:45:29,4.2,45.2,98.3
2026-03-10 10:45:31,4.0,45.1,98.3
2026-03-10 10:45:34,2.0,45.1,98.3
2026-03-10 10:45:34,2.0,45.1,98.3
2026-03-10 10:45:37,5.7,45.1,98.3
2026-03-10 10:45:40,14.8,45.0,98.3
2026-03-10 10:45:43,13.2,45.0,98.3
2026-03-10 10:45:43,13.2,45.0,98.3
2026-03-10 10:45:46,4.0,45.0,98.3
2026-03-10 10:45:49,28.6,45.2,98.3
2026-03-10 10:45:52,24.6,45.2,98.3
2026-03-10 10:45:52,24.6,45.2,98.3
2026-03-10 10:45:55,3.9,45.4,98.3
2026-03-10 10:45:58,7.0,45.4,98.3
2026-03-10 10:45:58,7.0,45.4,98.3
2026-03-10 10:46:00,3.8,45.3,98.3
2026-03-10 10:46:03,2.1,45.3,98.3
2026-03-10 10:46:03,2.1,45.3,98.3
2026-03-10 10:46:06,11.5,45.3,98.3
2026-03-10 10:46:09,0.0,45.5,98.3
2026-03-10 10:46:12,7.1,45.5,98.3
2026-03-10 10:46:15,5.6,45.5,98.3
2026-03-10 10:46:18,20.0,45.5,98.3
2026-03-10 10:46:18,20.0,45.5,98.3
2026-03-10 10:46:21,8.2,45.5,98.3
2026-03-10 10:46:24,20.4,45.5,98.3
2026-03-10 10:46:27,3.7,45.8,98.3
2026-03-10 10:46:27,3.7,45.8,98.3
2026-03-10 10:46:30,0.0,46.0,98.3
2026-03-10 10:46:30,0.0,46.0,98.3
2026-03-10 10:46:33,42.2,46.3,98.3
2026-03-10 10:46:33,43.9,46.3,98.3
2026-03-10 10:46:36,21.8,46.2,98.3
2026-03-10 10:46:36,31.6,46.2,98.3
2026-03-10 10:46:39,11.5,46.1,98.3
2026-03-10 10:46:39,12.2,46.1,98.3
2026-03-10 10:46:42,14.6,46.1,98.3
2026-03-10 10:46:42,11.3,46.1,98.3
2026-03-10 10:46:45,7.7,46.2,98.3
2026-03-10 10:46:45,7.8,46.2,98.3
2026-03-10 10:46:48,10.7,46.3,98.3
2026-03-10 10:46:48,10.3,46.3,98.3
2026-03-10 10:46:51,6.5,46.3,98.3
2026-03-10 10:46:54,1.9,46.2,98.3
2026-03-10 10:46:57,0.0,46.1,98.3
2026-03-10 10:47:00,3.6,46.3,98.3
2026-03-10 10:47:03,1.8,46.4,98.3
2026-03-10 10:47:06,6.1,46.6,98.3
2026-03-10 10:47:09,66.7,46.6,98.3
2026-03-10 10:47:09,66.7,46.6,98.3
2026-03-10 10:47:12,27.6,46.5,98.3
2026-03-10 10:47:12,24.1,46.5,98.3
2026-03-10 10:47:15,7.3,47.0,98.3
2026-03-10 10:47:15,7.4,47.0,98.3
2026-03-10 10:47:18,13.0,47.9,98.3
2026-03-10 10:47:21,17.5,48.6,98.3
2026-03-10 10:47:21,17.5,48.6,98.3
2026-03-10 10:47:24,5.6,48.7,98.3
2026-03-10 10:47:27,34.5,46.1,98.3
2026-03-10 10:47:27,34.5,46.1,98.3
2026-03-10 10:47:29,0.0,45.9,98.3
2026-03-10 10:47:29,0.0,45.9,98.3
2026-03-10 10:47:32,8.0,45.9,98.3
2026-03-10 10:47:32,7.7,45.9,98.3
2026-03-10 10:47:35,7.5,45.8,98.3
2026-03-10 10:47:38,0.0,45.6,98.3
2026-03-10 10:47:41,4.0,45.8,98.3
2026-03-10 10:47:44,39.0,46.0,98.3
2026-03-10 10:47:47,4.1,46.5,98.3
2026-03-10 10:47:47,4.1,46.5,98.3
2026-03-10 10:47:50,0.0,46.5,98.3
2026-03-10 10:47:50,0.0,46.5,98.3
2026-03-10 10:47:53,11.5,46.5,98.3
2026-03-10 10:47:53,11.8,46.5,98.3
2026-03-10 10:47:56,29.8,46.6,98.3
2026-03-10 10:47:56,29.3,46.6,98.3
2026-03-10 10:47:59,15.8,46.5,98.3
2026-03-10 10:47:59,14.0,46.5,98.3
2026-03-10 10:48:02,0.0,46.6,98.3
2026-03-10 10:48:02,1.8,46.6,98.3
2026-03-10 10:48:05,9.1,46.6,98.3
2026-03-10 10:48:05,9.8,46.6,98.3
2026-03-10 10:48:08,4.1,46.8,98.3
2026-03-10 10:48:10,5.9,46.8,98.3
2026-03-10 10:48:13,10.3,46.6,98.3
2026-03-10 10:48:13,10.3,46.6,98.3
2026-03-10 10:48:16,0.0,46.6,98.3
2026-03-10 10:48:16,0.0,46.6,98.3
2026-03-10 10:48:19,18.6,46.7,98.3
2026-03-10 10:48:19,18.0,46.7,98.3
2026-03-10 10:48:22,10.4,47.0,98.3
2026-03-10 10:48:22,10.5,47.0,98.3
2026-03-10 10:48:25,1.9,47.0,98.3
2026-03-10 10:48:25,2.0,47.0,98.3
2026-03-10 10:48:28,6.1,46.9,98.3
2026-03-10 10:48:28,9.1,46.9,98.3
2026-03-10 10:48:31,20.0,46.7,98.3
2026-03-10 10:48:31,22.0,46.7,98.3
2026-03-10 10:48:34,39.2,46.7,98.3
2026-03-10 10:48:34,25.0,46.7,98.3
2026-03-10 10:48:37,46.0,47.2,98.5
2026-03-10 10:48:37,44.0,47.2,98.5
2026-03-10 10:48:41,41.0,47.6,98.7
2026-03-10 10:48:41,32.2,47.6,98.7
2026-03-10 10:48:44,13.0,48.4,98.7
2026-03-10 10:48:44,14.3,48.4,98.7
2026-03-10 10:48:47,14.6,48.4,98.7
2026-03-10 10:48:47,14.8,48.4,98.7
2026-03-10 10:48:50,0.0,48.2,98.7
2026-03-10 10:48:50,1.6,48.2,98.7
2026-03-10 10:48:53,0.0,45.9,98.7
2026-03-10 10:48:56,3.8,45.7,98.7
2026-03-10 10:48:59,3.9,45.7,98.7
2026-03-10 10:49:02,17.2,45.9,98.7
2026-03-10 10:49:05,31.6,45.9,98.7
2026-03-10 10:49:08,5.5,46.3,98.7
2026-03-10 10:49:11,3.6,46.2,98.7
2026-03-10 10:49:14,10.7,46.2,98.7
2026-03-10 10:49:17,100.0,46.4,98.7
2026-03-10 10:49:17,100.0,46.4,98.7
2026-03-10 10:49:20,50.9,46.3,98.7
2026-03-10 10:49:23,21.4,46.4,98.7
2026-03-10 10:49:26,12.5,46.4,98.7
2026-03-10 10:49:29,0.0,46.5,98.7
2026-03-10 10:49:32,19.6,45.4,98.7
2026-03-10 10:49:32,19.6,45.4,98.7
2026-03-10 10:49:35,1.9,45.3,98.7
2026-03-10 10:49:35,3.4,45.3,98.7
2026-03-10 10:49:38,6.1,45.4,98.7
2026-03-10 10:49:38,5.4,45.4,98.7
2026-03-10 10:49:41,27.8,45.4,98.7
2026-03-10 10:49:41,28.0,45.4,98.7
2026-03-10 10:49:44,3.8,45.9,98.7
2026-03-10 10:49:44,3.7,45.9,98.7
2026-03-10 10:49:46,17.2,45.9,98.7
2026-03-10 10:49:46,16.7,45.9,98.7
2026-03-10 10:49:49,15.4,46.1,98.7
2026-03-10 10:49:49,15.1,46.1,98.7
2026-03-10 10:49:53,65.4,46.2,98.7
2026-03-10 10:49:53,77.4,46.2,98.7
2026-03-10 10:49:56,16.0,46.3,98.7
2026-03-10 10:49:56,14.3,46.3,98.7
2026-03-10 10:49:59,18.0,47.0,98.7
2026-03-10 10:49:59,15.7,47.0,98.7
2026-03-10 10:50:02,17.3,45.8,98.7
2026-03-10 10:50:02,20.0,45.8,98.7
2026-03-10 10:50:05,1.8,45.4,98.7
2026-03-10 10:50:05,1.7,45.4,98.7
2026-03-10 10:50:08,21.4,45.3,98.7
2026-03-10 10:50:08,21.1,45.3,98.7
2026-03-10 10:50:10,14.8,45.2,98.7
2026-03-10 10:50:13,7.4,45.5,98.7
2026-03-10 10:50:13,7.4,45.5,98.7
2026-03-10 10:50:16,13.2,45.8,98.7
2026-03-10 10:50:16,13.7,45.8,98.7
2026-03-10 10:50:19,24.5,45.9,98.7
2026-03-10 10:50:19,23.0,45.9,98.7
2026-03-10 10:50:22,13.7,46.2,98.7
2026-03-10 10:50:22,13.0,46.2,98.7
2026-03-10 10:50:26,100.0,46.2,98.7
2026-03-10 10:50:26,100.0,46.2,98.7
2026-03-10 10:50:29,50.0,46.0,98.7
2026-03-10 10:50:29,48.2,46.0,98.7
2026-03-10 10:50:32,6.5,46.2,98.7
2026-03-10 10:50:32,6.1,46.2,98.7
2026-03-10 10:50:35,0.0,46.2,98.7
2026-03-10 10:50:35,0.0,46.2,98.7
2026-03-10 10:50:38,5.2,46.1,98.7
2026-03-10 10:50:38,5.2,46.1,98.7
2026-03-10 10:50:40,10.2,45.9,98.7
2026-03-10 10:50:40,8.5,45.9,98.7
2026-03-10 10:50:43,1.7,46.2,98.7
2026-03-10 10:50:43,1.7,46.2,98.7
2026-03-10 10:50:46,14.3,46.4,98.7
2026-03-10 10:50:49,12.7,46.4,98.7
2026-03-10 10:50:52,68.8,46.4,98.7
2026-03-10 10:50:55,100.0,46.2,98.7
2026-03-10 10:50:55,100.0,46.2,98.7
2026-03-10 10:50:58,10.6,46.1,98.7
2026-03-10 10:50:58,12.2,46.1,98.7
2026-03-10 10:51:01,4.2,46.2,98.7
2026-03-10 10:51:01,14.3,46.2,98.7
2026-03-10 10:51:04,7.7,46.2,98.7
2026-03-10 10:51:07,0.0,46.2,98.7
2026-03-10 10:51:10,10.0,46.2,98.7
2026-03-10 10:51:13,1.9,46.1,98.7
2026-03-10 10:51:15,6.8,46.1,98.7
2026-03-10 10:51:18,19.2,46.1,98.7
2026-03-10 10:51:18,19.2,46.1,98.7
2026-03-10 10:51:22,14.3,46.0,98.7
2026-03-10 10:51:22,34.0,46.0,98.7
2026-03-10 10:51:25,15.4,46.1,98.7
2026-03-10 10:51:25,28.6,46.1,98.7
2026-03-10 10:51:28,25.0,46.5,98.7
2026-03-10 10:51:28,20.4,46.5,98.7
2026-03-10 10:51:31,8.5,45.4,98.7
2026-03-10 10:51:31,15.1,45.4,98.7
2026-03-10 10:51:33,7.6,45.3,98.7
2026-03-10 10:51:33,16.9,45.3,98.7
2026-03-10 10:51:36,10.3,45.4,98.7
2026-03-10 10:51:36,12.5,45.4,98.7
2026-03-10 10:51:39,0.0,45.7,98.7
2026-03-10 10:51:39,3.3,45.8,98.7
2026-03-10 10:51:42,7.7,46.2,98.7
2026-03-10 10:51:42,37.7,46.2,98.7
2026-03-10 10:51:45,32.7,46.1,98.7
2026-03-10 10:51:45,33.3,46.1,98.7
2026-03-10 10:51:48,17.9,46.4,98.7
2026-03-10 10:51:48,25.0,46.4,98.7
2026-03-10 10:51:51,13.0,46.4,98.7
2026-03-10 10:51:51,26.8,46.4,98.7
2026-03-10 10:51:54,12.0,46.3,98.7
2026-03-10 10:51:54,21.1,46.3,98.7
2026-03-10 10:51:57,14.6,46.2,98.7
2026-03-10 10:51:57,29.6,46.2,98.7
2026-03-10 10:52:00,0.0,46.4,98.7
2026-03-10 10:52:00,6.2,46.4,98.7
2026-03-10 10:52:03,8.7,46.4,98.7
2026-03-10 10:52:03,18.9,46.4,98.7
2026-03-10 10:52:06,13.2,46.4,98.7
2026-03-10 10:52:06,19.3,46.4,98.7
2026-03-10 10:52:09,0.0,46.5,98.7
2026-03-10 10:52:09,3.3,46.5,98.7
2026-03-10 10:52:12,0.0,45.4,98.7
2026-03-10 10:52:12,3.3,45.4,98.7
2026-03-10 10:52:14,0.0,45.5,98.7
2026-03-10 10:52:14,1.9,45.5,98.7
2026-03-10 10:52:17,2.3,45.5,98.7
2026-03-10 10:52:17,2.0,45.5,98.7
2026-03-10 10:52:20,0.0,45.5,98.7
2026-03-10 10:52:20,0.0,45.5,98.7
2026-03-10 10:52:23,0.0,45.5,98.7
2026-03-10 10:52:26,1.9,45.5,98.7
2026-03-10 10:52:28,1.8,45.4,98.7
2026-03-10 10:52:31,2.0,45.4,98.7
2026-03-10 10:52:34,8.2,45.1,98.7
2026-03-10 10:52:37,31.1,45.7,98.7
2026-03-10 10:52:37,31.1,45.7,98.7
2026-03-10 10:52:40,28.1,46.2,98.7
2026-03-10 10:52:40,28.1,46.2,98.7
2026-03-10 10:52:43,12.2,46.2,98.7
2026-03-10 10:52:43,12.2,46.2,98.7
2026-03-10 10:52:46,10.0,46.3,98.7
2026-03-10 10:52:46,8.8,46.3,98.7
2026-03-10 10:52:49,16.7,46.3,98.7
2026-03-10 10:52:52,1.9,46.4,98.7
2026-03-10 10:52:55,0.0,46.4,98.7
2026-03-10 10:52:57,0.0,46.4,98.7
2026-03-10 10:52:57,0.0,46.4,98.7
2026-03-10 10:53:00,1.7,46.4,98.7
2026-03-10 10:53:03,1.7,46.3,98.7
2026-03-10 10:53:06,70.6,46.6,98.7
2026-03-10 10:53:09,4.2,46.6,98.7
2026-03-10 10:53:12,1.9,46.6,98.7
2026-03-10 10:53:15,4.3,46.5,98.7
2026-03-10 10:53:18,29.2,47.0,98.7
2026-03-10 10:53:21,38.6,47.3,98.7
2026-03-10 10:53:21,38.6,47.3,98.7
2026-03-10 10:53:24,66.1,47.4,98.7
2026-03-10 10:53:24,68.8,47.4,98.7
2026-03-10 10:53:28,32.7,47.4,98.7
2026-03-10 10:53:28,36.7,47.4,98.7
2026-03-10 10:53:31,27.6,47.5,98.7
2026-03-10 10:53:31,30.6,47.5,98.7
2026-03-10 10:53:34,72.9,48.0,98.7
2026-03-10 10:53:34,69.6,48.0,98.7
2026-03-10 10:53:37,24.5,46.7,98.7
2026-03-10 10:53:37,26.8,46.7,98.7
2026-03-10 10:53:40,42.9,46.8,98.7
2026-03-10 10:53:40,30.6,46.8,98.7
2026-03-10 10:53:43,30.0,47.2,98.7
2026-03-10 10:53:43,22.8,47.3,98.7
2026-03-10 10:53:46,35.4,47.6,98.7
2026-03-10 10:53:46,44.6,47.6,98.7
2026-03-10 10:53:50,78.8,47.9,98.7
2026-03-10 10:53:50,64.0,47.9,98.7
2026-03-10 10:53:53,42.9,48.3,98.7
2026-03-10 10:53:53,43.8,48.3,98.7
2026-03-10 10:53:56,27.5,47.2,98.7
2026-03-10 10:53:56,32.0,47.3,98.7
2026-03-10 10:54:00,25.0,47.5,98.7
2026-03-10 10:54:00,26.8,47.5,98.7
2026-03-10 10:54:03,50.0,47.5,98.7
2026-03-10 10:54:03,50.0,47.5,98.7
2026-03-10 10:54:06,29.8,47.5,98.7
2026-03-10 10:54:06,29.2,47.5,98.7
2026-03-10 10:54:09,50.0,47.3,98.7
2026-03-10 10:54:09,48.0,47.2,98.7
2026-03-10 10:54:13,48.2,46.9,98.7
2026-03-10 10:54:13,52.0,46.9,98.7
2026-03-10 10:54:16,29.6,47.6,98.7
2026-03-10 10:54:16,35.7,47.7,98.7
2026-03-10 10:54:20,31.6,47.4,98.7
2026-03-10 10:54:20,58.3,47.4,98.7
2026-03-10 10:54:23,36.4,47.2,98.7
2026-03-10 10:54:23,60.4,47.3,98.7
2026-03-10 10:54:26,5.9,46.5,98.7
2026-03-10 10:54:27,11.5,46.5,98.7
2026-03-10 10:54:29,6.8,46.7,98.7
2026-03-10 10:54:29,12.5,46.7,98.7
2026-03-10 10:54:32,7.1,46.6,98.7
2026-03-10 10:54:32,15.5,46.6,98.7
2026-03-10 10:54:35,2.0,46.5,98.7
2026-03-10 10:54:35,9.4,46.5,98.7
2026-03-10 10:54:38,2.0,46.6,98.7
2026-03-10 10:54:38,20.3,46.6,98.7
2026-03-10 10:54:41,5.6,46.3,98.7
2026-03-10 10:54:41,8.3,46.3,98.7
2026-03-10 10:54:44,4.3,46.4,98.7
2026-03-10 10:54:44,8.8,46.4,98.7
2026-03-10 10:54:47,8.2,46.4,98.7
2026-03-10 10:54:47,21.1,46.4,98.7
2026-03-10 10:54:50,10.0,46.1,98.7
2026-03-10 10:54:50,5.4,46.1,98.7
2026-03-10 10:54:53,3.9,46.1,98.7
2026-03-10 10:54:53,6.8,46.1,98.7
2026-03-10 10:54:56,12.3,46.2,98.7
2026-03-10 10:54:56,14.0,46.2,98.7
2026-03-10 10:54:59,5.8,46.5,98.7
2026-03-10 10:54:59,8.5,46.5,98.7
2026-03-10 10:55:01,1.8,46.4,98.7
2026-03-10 10:55:01,3.8,46.4,98.7
2026-03-10 10:55:04,4.3,46.5,98.7
2026-03-10 10:55:04,5.3,46.5,98.7
2026-03-10 10:55:07,6.1,46.5,98.7
2026-03-10 10:55:07,7.0,46.5,98.7
2026-03-10 10:55:10,7.1,46.4,98.7
2026-03-10 10:55:10,8.2,46.4,98.7
2026-03-10 10:55:13,10.6,46.2,98.7
2026-03-10 10:55:13,12.1,46.2,98.7
2026-03-10 10:55:16,2.0,46.2,98.7
2026-03-10 10:55:16,1.8,46.2,98.7
2026-03-10 10:55:19,5.3,46.2,98.7
2026-03-10 10:55:22,3.9,46.2,98.7
2026-03-10 10:55:25,9.4,46.2,98.7
2026-03-10 10:55:27,0.0,46.1,98.7
2026-03-10 10:55:30,3.6,46.1,98.7
2026-03-10 10:55:33,2.0,46.1,98.7
2026-03-10 10:55:36,1.9,46.0,98.7
2026-03-10 10:55:39,0.0,46.0,98.7
2026-03-10 10:55:42,20.4,46.0,98.7
2026-03-10 10:55:44,11.9,46.0,98.7
2026-03-10 10:55:47,26.3,46.1,98.7
2026-03-10 10:55:50,3.7,46.1,98.7
2026-03-10 10:55:53,1.8,46.2,98.7
2026-03-10 10:55:56,6.2,46.1,98.7
2026-03-10 10:55:59,0.0,46.2,98.7
2026-03-10 10:56:02,7.8,46.2,98.7
2026-03-10 10:56:05,4.9,46.1,98.7
2026-03-10 10:56:05,4.9,46.1,98.7
2026-03-10 10:56:07,0.0,46.1,98.7
2026-03-10 10:56:10,0.0,46.1,98.7
2026-03-10 10:56:13,2.1,46.0,98.7
2026-03-10 10:56:16,9.3,46.0,98.7
2026-03-10 10:56:19,4.1,45.8,98.7
2026-03-10 10:56:22,0.0,45.8,98.7
2026-03-10 10:56:22,0.0,45.8,98.7
2026-03-10 10:56:24,2.0,45.8,98.7
2026-03-10 10:56:27,0.0,45.8,98.7
2026-03-10 10:56:30,1.9,45.8,98.7
2026-03-10 10:56:33,2.0,45.8,98.7
2026-03-10 10:56:36,1.9,45.8,98.7
2026-03-10 10:56:38,6.6,45.8,98.7
2026-03-10 10:56:41,3.8,45.8,98.7
2026-03-10 10:56:44,0.0,45.8,98.7
2026-03-10 10:56:47,0.0,45.8,98.7
2026-03-10 10:56:50,7.8,45.8,98.7
2026-03-10 10:56:50,7.8,45.8,98.7
2026-03-10 10:56:53,27.3,45.8,98.7
2026-03-10 10:56:53,24.2,45.8,98.7
2026-03-10 10:56:55,7.7,45.8,98.7
2026-03-10 10:56:55,7.0,45.8,98.7
2026-03-10 10:56:58,0.0,45.8,98.7
2026-03-10 10:56:58,0.0,45.8,98.7
2026-03-10 10:57:01,0.0,45.8,98.7
2026-03-10 10:57:01,0.0,45.8,98.7
2026-03-10 10:57:04,2.1,45.8,98.7
2026-03-10 10:57:07,1.8,45.8,98.7
2026-03-10 10:57:10,0.0,45.8,98.7
2026-03-10 10:57:12,3.8,45.8,98.7
2026-03-10 10:57:15,17.0,45.8,98.7
2026-03-10 10:57:18,2.0,45.8,98.7
2026-03-10 10:57:21,6.0,45.8,98.7
2026-03-10 10:57:24,1.8,45.8,98.7
2026-03-10 10:57:26,0.0,45.8,98.7
2026-03-10 10:57:29,5.7,45.8,98.7
2026-03-10 10:57:32,5.5,45.8,98.7
2026-03-10 10:57:35,3.9,45.8,98.7
2026-03-10 10:57:38,0.0,45.8,98.7
2026-03-10 10:57:41,1.8,45.8,98.7
2026-03-10 10:57:43,10.0,45.7,98.7
2026-03-10 10:57:46,3.6,45.7,98.7
2026-03-10 10:57:49,0.0,45.7,98.7
2026-03-10 10:57:52,4.0,45.7,98.7
2026-03-10 10:57:54,3.8,45.7,98.7
2026-03-10 10:57:57,5.5,45.7,98.7
2026-03-10 10:58:00,0.0,45.7,98.7
2026-03-10 10:58:03,0.0,45.7,98.7
2026-03-10 10:58:06,0.0,45.9,98.7
2026-03-10 10:58:08,0.0,45.9,98.7
2026-03-10 10:58:11,8.3,45.9,98.7
2026-03-10 10:58:14,9.1,45.9,98.7
2026-03-10 10:58:17,1.9,45.9,98.7
2026-03-10 10:58:20,0.0,45.9,98.7
2026-03-10 10:58:20,0.0,45.9,98.7
2026-03-10 10:58:23,9.4,46.3,98.7
2026-03-10 10:58:23,8.5,46.3,98.7
2026-03-10 10:58:25,5.8,46.3,98.7
2026-03-10 10:58:28,4.0,46.3,98.7
2026-03-10 10:58:31,1.8,46.2,98.7
2026-03-10 10:58:34,0.0,46.2,98.7
2026-03-10 10:58:37,9.8,46.2,98.7
2026-03-10 10:58:39,0.0,46.2,98.7
2026-03-10 10:58:39,0.0,46.2,98.7
2026-03-10 10:58:42,5.6,46.3,98.7
2026-03-10 10:58:45,0.0,46.4,98.7
2026-03-10 10:58:45,0.0,46.4,98.7
2026-03-10 10:58:48,3.6,46.3,98.7
2026-03-10 10:58:48,1.9,46.3,98.7
2026-03-10 10:58:51,5.8,45.9,98.7
2026-03-10 10:58:53,0.0,45.9,98.7
2026-03-10 10:58:56,7.5,46.2,98.7
2026-03-10 10:58:59,35.7,46.3,98.7
2026-03-10 10:58:59,35.7,46.3,98.7
2026-03-10 10:59:02,0.0,46.0,98.7
2026-03-10 10:59:02,1.7,46.0,98.7
2026-03-10 10:59:05,0.0,46.0,98.7
2026-03-10 10:59:05,1.7,46.0,98.7
2026-03-10 10:59:08,0.0,46.0,98.7
2026-03-10 10:59:08,1.8,46.0,98.7
2026-03-10 10:59:11,0.0,46.0,98.7
2026-03-10 10:59:11,0.0,46.0,98.7
2026-03-10 10:59:13,1.6,46.0,98.7
2026-03-10 10:59:16,0.0,45.9,98.7
2026-03-10 10:59:19,0.0,45.9,98.7
2026-03-10 10:59:19,0.0,45.9,98.7
2026-03-10 10:59:22,1.9,45.9,98.7
2026-03-10 10:59:25,0.0,45.9,98.7
2026-03-10 10:59:27,2.0,45.9,98.7
2026-03-10 10:59:30,0.0,45.9,98.7
2026-03-10 10:59:30,0.0,45.9,98.7
2026-03-10 10:59:33,0.0,45.9,98.7
2026-03-10 10:59:36,3.8,45.9,98.7
2026-03-10 10:59:36,3.8,45.9,98.7
2026-03-10 10:59:39,3.6,44.0,98.7
2026-03-10 10:59:39,3.6,44.0,98.7
2026-03-10 10:59:41,1.8,43.9,98.7
2026-03-10 10:59:44,0.0,43.9,98.7
2026-03-10 10:59:47,0.0,43.9,98.7
2026-03-10 10:59:50,0.0,43.9,98.7
2026-03-10 10:59:53,0.0,43.9,98.7
2026-03-10 10:59:55,3.4,43.9,98.7
2026-03-10 10:59:55,3.4,43.9,98.7
2026-03-10 10:59:58,4.0,43.8,98.7
2026-03-10 10:59:58,3.6,43.8,98.7
2026-03-10 11:00:01,0.0,43.8,98.7
2026-03-10 11:00:04,0.0,43.8,98.7
2026-03-10 11:00:04,0.0,43.8,98.7
2026-03-10 11:00:06,3.3,43.8,98.7
2026-03-10 11:00:09,0.0,43.8,98.7
2026-03-10 11:00:12,1.9,43.7,98.7
2026-03-10 11:00:15,0.0,43.7,98.7
2026-03-10 11:00:17,0.0,43.7,98.7
2026-03-10 11:00:20,0.0,43.7,98.7
2026-03-10 11:00:23,0.0,43.7,98.7
2026-03-10 11:00:26,0.0,43.7,98.7
2026-03-10 11:00:28,6.8,43.7,98.7
2026-03-10 11:00:31,0.0,43.7,98.7
2026-03-10 11:00:34,0.0,43.7,98.7
2026-03-10 11:00:37,0.0,43.7,98.7
2026-03-10 11:00:39,1.7,43.7,98.7
2026-03-10 11:00:42,0.0,43.7,98.7
2026-03-10 11:00:45,2.0,43.7,98.7
2026-03-10 11:00:48,0.0,43.7,98.7
2026-03-10 11:00:50,0.0,43.7,98.7
2026-03-10 11:00:53,0.0,43.7,98.7
2026-03-10 11:00:56,6.4,43.7,98.7
2026-03-10 11:00:59,0.0,43.7,98.7
2026-03-10 11:01:01,0.0,43.7,98.7
2026-03-10 11:01:04,4.1,43.7,98.7
2026-03-10 11:01:07,0.0,43.7,98.7
2026-03-10 11:01:10,2.1,43.7,98.7
2026-03-10 11:01:12,0.0,43.7,98.7
2026-03-10 11:01:15,19.3,43.7,98.7
2026-03-10 11:01:18,0.0,43.7,98.7
2026-03-10 11:01:21,0.0,43.7,98.7
2026-03-10 11:01:23,0.0,43.7,98.7
2026-03-10 11:01:26,10.3,43.7,98.7
2026-03-10 11:01:29,0.0,43.7,98.7
2026-03-10 11:01:32,3.8,43.7,98.7
2026-03-10 11:01:34,0.0,43.7,98.7
2026-03-10 11:01:37,0.0,43.7,98.7
2026-03-10 11:01:40,0.0,43.7,98.7
2026-03-10 11:01:43,0.0,43.7,98.7
2026-03-10 11:01:45,0.0,43.7,98.7
2026-03-10 11:01:48,0.0,43.7,98.7
2026-03-10 11:01:51,3.8,43.7,98.7
2026-03-10 11:01:54,2.0,43.7,98.7
2026-03-10 11:01:56,0.0,43.7,98.7
2026-03-10 11:01:59,5.3,43.7,98.7
2026-03-10 11:02:02,0.0,43.7,98.7
2026-03-10 11:02:05,0.0,43.7,98.7
2026-03-10 11:02:07,0.0,43.7,98.7
2026-03-10 11:02:10,0.0,43.7,98.7
2026-03-10 11:02:13,0.0,43.7,98.7
2026-03-10 11:02:16,1.9,43.7,98.7
2026-03-10 11:02:18,0.0,43.7,98.7
2026-03-10 11:02:21,0.0,43.7,98.7
2026-03-10 11:02:24,0.0,43.7,98.7
2026-03-10 11:02:27,11.9,43.7,98.7
2026-03-10 11:02:29,0.0,43.7,98.7
2026-03-10 11:02:32,7.4,43.7,98.7
2026-03-10 11:02:35,0.0,43.7,98.7
2026-03-10 11:02:38,3.9,43.7,98.7
2026-03-10 11:02:40,0.0,43.7,98.7
2026-03-10 11:02:43,0.0,43.7,98.7
2026-03-10 11:02:46,0.0,43.7,98.7
2026-03-10 11:02:49,2.0,43.7,98.7
2026-03-10 11:02:51,0.0,43.7,98.7
2026-03-10 11:02:54,2.0,43.7,98.7
2026-03-10 11:02:57,0.0,43.7,98.7
2026-03-10 11:03:00,6.5,43.7,98.7
2026-03-10 11:03:02,1.9,43.7,98.7
2026-03-10 11:03:05,1.7,43.7,98.7
2026-03-10 11:03:08,0.0,43.7,98.7
2026-03-10 11:03:11,25.0,43.7,98.7
2026-03-10 11:03:13,0.0,43.7,98.7
2026-03-10 11:03:16,1.9,43.7,98.7
2026-03-10 11:03:19,0.0,43.8,98.7
2026-03-10 11:03:22,0.0,43.8,98.7
2026-03-10 11:03:24,0.0,43.8,98.7
2026-03-10 11:03:27,0.0,43.8,98.7
2026-03-10 11:03:30,0.0,43.8,98.7
2026-03-10 11:03:32,0.0,43.8,98.7
2026-03-10 11:03:35,0.0,43.9,98.7
2026-03-10 11:03:38,7.8,44.0,98.7
2026-03-10 11:03:38,7.8,44.0,98.7
2026-03-10 11:03:41,0.0,43.9,98.7
2026-03-10 11:03:43,0.0,43.9,98.7
2026-03-10 11:03:46,0.0,43.9,98.7
2026-03-10 11:03:49,0.0,43.9,98.7
2026-03-10 11:03:52,0.0,43.9,98.7
2026-03-10 11:03:54,0.0,43.9,98.7
2026-03-10 11:03:57,9.6,43.9,98.7
2026-03-10 11:04:00,1.9,43.9,98.7
2026-03-10 11:04:03,3.6,43.9,98.7
2026-03-10 11:04:05,0.0,43.9,98.7
2026-03-10 11:04:05,0.0,43.9,98.7
2026-03-10 11:04:08,0.0,43.9,98.7
2026-03-10 11:04:08,0.0,43.9,98.7
2026-03-10 11:04:11,0.0,43.9,98.7
2026-03-10 11:04:14,3.8,43.9,98.7
2026-03-10 11:04:16,0.0,43.9,98.7
2026-03-10 11:04:19,0.0,43.9,98.7
2026-03-10 11:04:22,6.0,43.9,98.7
2026-03-10 11:04:25,4.0,43.9,98.7
2026-03-10 11:04:27,1.9,43.9,98.7
2026-03-10 11:04:30,0.0,43.9,98.7
2026-03-10 11:04:33,2.0,43.9,98.7
2026-03-10 11:04:36,0.0,43.9,98.7
2026-03-10 11:04:39,0.0,43.9,98.7
2026-03-10 11:04:39,0.0,43.9,98.7
2026-03-10 11:04:41,2.1,43.9,98.7
2026-03-10 11:04:41,4.0,43.9,98.7
2026-03-10 11:04:44,0.0,43.9,98.7
2026-03-10 11:04:44,0.0,43.9,98.7
2026-03-10 11:04:47,10.0,44.2,98.7
2026-03-10 11:04:47,8.8,44.2,98.7
2026-03-10 11:04:50,2.1,44.2,98.7
2026-03-10 11:04:50,7.1,44.2,98.7
2026-03-10 11:04:53,7.8,44.2,98.7
2026-03-10 11:04:53,8.3,44.2,98.7
2026-03-10 11:04:56,7.4,44.2,98.7
2026-03-10 11:04:59,10.6,44.1,98.7
2026-03-10 11:05:02,4.2,44.2,98.7
2026-03-10 11:05:04,14.3,44.3,98.7
2026-03-10 11:05:07,20.8,39.9,98.7
2026-03-10 11:05:10,7.7,35.2,98.6
2026-03-10 11:05:10,7.7,35.2,98.6
2026-03-10 11:05:13,0.0,35.1,98.6
2026-03-10 11:05:16,10.0,35.1,98.6
2026-03-10 11:05:18,22.4,35.2,98.6
2026-03-10 11:05:21,5.4,35.2,98.6
2026-03-10 11:05:21,5.4,35.2,98.6
2026-03-10 11:05:24,16.0,35.2,98.7
2026-03-10 11:05:24,16.0,35.2,98.7
2026-03-10 11:05:27,28.8,37.9,98.6
2026-03-10 11:05:30,1.9,38.2,98.6
2026-03-10 11:05:30,1.9,38.2,98.6
2026-03-10 11:05:33,0.0,38.3,98.6
2026-03-10 11:05:33,0.0,38.3,98.6
2026-03-10 11:05:36,28.6,38.2,98.6
2026-03-10 11:05:36,28.6,38.2,98.6
2026-03-10 11:05:39,0.0,39.3,98.7
2026-03-10 11:05:39,0.0,39.3,98.7
2026-03-10 11:05:42,21.7,39.3,98.7
2026-03-10 11:05:42,22.8,39.3,98.7
2026-03-10 11:05:45,39.6,40.6,98.7
2026-03-10 11:05:45,35.7,40.6,98.7
2026-03-10 11:05:48,1.7,40.7,98.7
2026-03-10 11:05:48,0.0,40.7,98.7
2026-03-10 11:05:51,41.2,40.8,98.7
2026-03-10 11:05:51,37.3,40.8,98.7
2026-03-10 11:05:54,0.0,41.5,98.7
2026-03-10 11:05:54,9.8,41.5,98.7
2026-03-10 11:05:57,0.0,41.5,98.7
2026-03-10 11:05:57,0.0,41.5,98.7
2026-03-10 11:06:00,6.9,40.8,98.7
2026-03-10 11:06:00,5.8,40.8,98.7
2026-03-10 11:06:03,0.0,40.8,98.7
2026-03-10 11:06:03,0.0,40.8,98.7
2026-03-10 11:06:06,0.0,40.8,98.7
2026-03-10 11:06:09,2.0,40.7,98.7
2026-03-10 11:06:12,1.9,40.6,98.7
2026-03-10 11:06:14,0.0,40.2,98.7
2026-03-10 11:06:17,0.0,40.2,98.7
2026-03-10 11:06:20,0.0,40.1,98.7
2026-03-10 11:06:23,2.0,40.1,98.7
2026-03-10 11:06:26,3.7,40.1,98.7
2026-03-10 11:06:29,34.0,40.3,98.7
2026-03-10 11:06:31,7.7,40.3,98.7
2026-03-10 11:06:31,7.7,40.3,98.7
2026-03-10 11:06:34,4.0,40.2,98.7
2026-03-10 11:06:37,0.0,40.1,98.7
2026-03-10 11:06:40,1.8,40.1,98.7
2026-03-10 11:06:43,0.0,40.0,98.7
2026-03-10 11:06:43,0.0,40.0,98.7
2026-03-10 11:06:46,1.9,40.0,98.7
2026-03-10 11:06:48,6.5,40.0,98.7
2026-03-10 11:06:51,5.1,40.0,98.7
2026-03-10 11:06:54,0.0,40.0,98.7
2026-03-10 11:06:57,2.2,40.0,98.7
2026-03-10 11:07:00,3.8,40.0,98.7
2026-03-10 11:07:03,5.7,40.0,98.7
2026-03-10 11:07:05,3.6,40.0,98.7
2026-03-10 11:07:08,1.8,40.0,98.7
2026-03-10 11:07:11,20.8,40.0,98.7
2026-03-10 11:07:14,0.0,40.1,98.7
2026-03-10 11:07:17,7.7,40.1,98.7
2026-03-10 11:07:20,0.0,40.1,98.7
2026-03-10 11:07:22,17.6,40.5,98.7
2026-03-10 11:07:22,17.6,40.5,98.7
2026-03-10 11:07:25,10.6,40.6,98.7
2026-03-10 11:07:28,15.4,40.8,98.7
2026-03-10 11:07:32,23.1,41.0,98.7
2026-03-10 11:07:32,23.1,41.0,98.7
2026-03-10 11:07:35,9.4,41.1,98.7
2026-03-10 11:07:37,0.0,41.2,98.7
2026-03-10 11:07:37,0.0,41.2,98.7
2026-03-10 11:07:40,5.3,41.2,98.7
2026-03-10 11:07:43,8.0,41.4,98.7
2026-03-10 11:07:43,8.0,41.4,98.7
2026-03-10 11:07:46,7.4,41.5,98.7
2026-03-10 11:07:46,7.1,41.5,98.7
2026-03-10 11:07:49,5.5,41.5,98.7
2026-03-10 11:07:52,0.0,41.6,98.7
2026-03-10 11:07:55,9.8,41.9,98.7
2026-03-10 11:07:58,1.9,42.0,98.7
2026-03-10 11:08:01,40.4,42.1,98.7
2026-03-10 11:08:01,36.0,42.1,98.7
2026-03-10 11:08:04,8.2,42.1,98.7
2026-03-10 11:08:04,8.3,42.1,98.7
2026-03-10 11:08:07,21.6,41.9,98.7
2026-03-10 11:08:07,21.6,41.9,98.7
2026-03-10 11:08:10,9.8,41.9,98.7
2026-03-10 11:08:10,8.8,41.9,98.7
2026-03-10 11:08:13,4.0,42.0,98.7
2026-03-10 11:08:16,9.1,42.0,98.7
2026-03-10 11:08:19,5.9,42.0,98.7
2026-03-10 11:08:22,0.0,42.0,98.7
2026-03-10 11:08:22,0.0,42.0,98.7
2026-03-10 11:08:25,19.6,41.9,98.7
2026-03-10 11:08:25,19.6,41.9,98.7
2026-03-10 11:08:28,5.5,41.8,98.7
2026-03-10 11:08:28,6.1,41.8,98.7
2026-03-10 11:08:31,6.2,41.9,98.7
2026-03-10 11:08:31,8.9,41.9,98.7
2026-03-10 11:08:34,12.5,41.9,98.7
2026-03-10 11:08:34,11.1,41.9,98.7
2026-03-10 11:08:37,8.2,42.1,98.7
2026-03-10 11:08:37,8.0,42.1,98.7
2026-03-10 11:08:40,7.3,42.5,98.7
2026-03-10 11:08:40,6.9,42.5,98.7
2026-03-10 11:08:43,39.6,41.6,98.7
2026-03-10 11:08:46,0.0,41.6,98.7
2026-03-10 11:08:48,1.8,41.5,98.7
2026-03-10 11:08:51,2.2,41.4,98.7
2026-03-10 11:08:54,0.0,41.4,98.7
2026-03-10 11:08:57,12.0,41.4,98.7
2026-03-10 11:09:00,29.8,41.9,98.7
2026-03-10 11:09:00,29.8,41.9,98.7
2026-03-10 11:09:03,3.8,41.9,98.7
2026-03-10 11:09:03,2.1,41.9,98.7
2026-03-10 11:09:06,20.3,41.9,98.7
2026-03-10 11:09:09,26.5,41.9,98.7
2026-03-10 11:09:09,26.5,41.9,98.7
2026-03-10 11:09:12,7.8,42.0,98.7
2026-03-10 11:09:15,8.5,41.5,98.7
2026-03-10 11:09:15,8.5,41.5,98.7
2026-03-10 11:09:18,0.0,41.4,98.7
2026-03-10 11:09:18,0.0,41.4,98.7
2026-03-10 11:09:21,3.9,41.4,98.7
2026-03-10 11:09:21,3.7,41.4,98.7
2026-03-10 11:09:24,5.0,41.3,98.7
2026-03-10 11:09:27,21.8,41.7,98.7
2026-03-10 11:09:30,16.7,42.0,98.7
2026-03-10 11:09:30,16.7,42.0,98.7
2026-03-10 11:09:33,15.4,42.2,98.7
2026-03-10 11:09:33,15.4,42.2,98.7
2026-03-10 11:09:36,6.0,42.1,98.7
2026-03-10 11:09:36,4.0,42.1,98.7
2026-03-10 11:09:39,0.0,41.9,98.7
2026-03-10 11:09:39,0.0,41.9,98.7
2026-03-10 11:09:42,0.0,41.8,98.7
2026-03-10 11:09:45,11.1,41.8,98.7
2026-03-10 11:09:45,11.1,41.8,98.7
2026-03-10 11:09:48,2.0,41.8,98.7
2026-03-10 11:09:48,3.5,41.8,98.7
2026-03-10 11:09:51,24.5,41.7,98.7
2026-03-10 11:09:51,24.0,41.7,98.7
2026-03-10 11:09:54,12.2,41.7,98.7
2026-03-10 11:09:54,17.9,41.7,98.7
2026-03-10 11:09:57,1.9,41.7,98.7
2026-03-10 11:10:00,1.9,41.8,98.7
2026-03-10 11:10:03,3.5,41.8,98.7
2026-03-10 11:10:06,18.5,41.5,98.7
2026-03-10 11:10:09,5.2,41.6,98.7
2026-03-10 11:10:09,5.2,41.6,98.7
2026-03-10 11:10:12,18.5,39.9,98.7
2026-03-10 11:10:12,18.5,39.9,98.7
2026-03-10 11:10:15,0.0,40.0,98.7
2026-03-10 11:10:18,47.2,40.3,98.7
2026-03-10 11:10:21,4.2,40.5,98.7
2026-03-10 11:10:21,4.2,40.5,98.7
2026-03-10 11:10:24,10.7,40.5,98.7
2026-03-10 11:10:26,7.3,40.6,98.7
2026-03-10 11:10:26,7.3,40.6,98.7
2026-03-10 11:10:29,5.8,40.5,98.7
2026-03-10 11:10:32,8.0,40.4,98.7
2026-03-10 11:10:35,3.5,40.4,98.7
2026-03-10 11:10:38,0.0,40.4,98.7
2026-03-10 11:10:38,0.0,40.4,98.7
2026-03-10 11:10:41,0.0,40.4,98.7
2026-03-10 11:10:44,2.1,40.5,98.7
2026-03-10 11:10:44,2.1,40.5,98.7
2026-03-10 11:10:47,12.5,41.2,98.7
2026-03-10 11:10:50,19.6,41.3,98.7
2026-03-10 11:10:50,19.6,41.3,98.7
2026-03-10 11:10:53,23.6,41.5,98.7
2026-03-10 11:10:53,24.5,41.5,98.7
2026-03-10 11:10:56,19.6,41.5,98.7
2026-03-10 11:10:56,20.0,41.5,98.7
2026-03-10 11:10:59,3.8,41.2,98.7
2026-03-10 11:10:59,3.7,41.2,98.7
2026-03-10 11:11:02,10.0,41.3,98.7
2026-03-10 11:11:02,10.3,41.3,98.7
2026-03-10 11:11:05,8.9,41.3,98.7
2026-03-10 11:11:05,7.4,41.3,98.7
2026-03-10 11:11:07,4.0,41.3,98.7
2026-03-10 11:11:08,3.5,41.3,98.7
2026-03-10 11:11:10,0.0,41.3,98.7
2026-03-10 11:11:13,3.8,40.6,98.7
2026-03-10 11:11:16,2.1,40.6,98.7
2026-03-10 11:11:19,0.0,40.4,98.7
2026-03-10 11:11:21,2.1,40.3,98.7
2026-03-10 11:11:24,0.0,40.3,98.7
2026-03-10 11:11:27,1.9,40.3,98.7
2026-03-10 11:11:30,3.5,40.1,98.7
2026-03-10 11:11:33,0.0,40.1,98.7
2026-03-10 11:11:35,0.0,40.1,98.7
2026-03-10 11:11:35,0.0,40.1,98.7
2026-03-10 11:11:38,4.0,40.1,98.7
2026-03-10 11:11:41,3.7,40.2,98.7
2026-03-10 11:11:44,0.0,40.2,98.7
2026-03-10 11:11:44,0.0,40.2,98.7
2026-03-10 11:11:47,3.9,40.2,98.7
2026-03-10 11:11:47,3.8,40.2,98.7
2026-03-10 11:11:50,8.8,40.6,98.7
2026-03-10 11:11:50,9.8,40.6,98.7
2026-03-10 11:11:53,16.4,40.8,98.7
2026-03-10 11:11:53,16.4,40.8,98.7
2026-03-10 11:11:56,9.3,40.8,98.7
2026-03-10 11:11:56,8.3,40.8,98.7
2026-03-10 11:11:59,0.0,40.8,98.7
2026-03-10 11:11:59,0.0,40.8,98.7
2026-03-10 11:12:02,18.2,40.9,98.7
2026-03-10 11:12:05,2.0,41.0,98.7
2026-03-10 11:12:07,4.9,41.0,98.7
2026-03-10 11:12:10,0.0,41.0,98.7
2026-03-10 11:12:10,0.0,41.0,98.7
2026-03-10 11:12:13,3.8,40.5,98.7
2026-03-10 11:12:13,3.5,40.5,98.7
2026-03-10 11:12:16,4.0,40.6,98.7
2026-03-10 11:12:16,7.8,40.6,98.7
2026-03-10 11:12:19,7.8,40.7,98.7
2026-03-10 11:12:22,21.2,40.8,98.7
2026-03-10 11:12:25,0.0,40.8,98.7
2026-03-10 11:12:28,0.0,41.0,98.7
2026-03-10 11:12:31,3.7,41.1,98.7
2026-03-10 11:12:34,26.4,41.1,98.7
2026-03-10 11:12:37,5.4,41.1,98.7
2026-03-10 11:12:40,7.8,41.1,98.7
2026-03-10 11:12:42,10.0,41.1,98.7
2026-03-10 11:12:45,3.8,40.4,98.7
2026-03-10 11:12:48,2.0,40.4,98.7
2026-03-10 11:12:51,4.2,40.4,98.7
2026-03-10 11:12:54,0.0,40.4,98.7
2026-03-10 11:12:56,0.0,40.4,98.7
2026-03-10 11:12:56,0.0,40.4,98.7
2026-03-10 11:12:59,0.0,40.3,98.7
2026-03-10 11:13:02,11.1,40.3,98.7
2026-03-10 11:13:05,12.5,40.6,98.7
2026-03-10 11:13:05,12.5,40.6,98.7
2026-03-10 11:13:08,20.8,40.8,98.7
2026-03-10 11:13:11,10.0,40.9,98.7
2026-03-10 11:13:14,17.3,40.9,98.7
2026-03-10 11:13:17,20.0,40.9,98.7
2026-03-10 11:13:20,9.4,41.0,98.7
2026-03-10 11:13:20,9.4,41.0,98.7
2026-03-10 11:13:23,3.6,41.0,98.7
2026-03-10 11:13:23,3.6,41.0,98.7
2026-03-10 11:13:26,1.8,41.0,98.7
2026-03-10 11:13:26,1.8,41.0,98.7
2026-03-10 11:13:28,3.7,40.6,98.7
2026-03-10 11:13:28,3.5,40.6,98.7
2026-03-10 11:13:31,2.0,40.6,98.7
2026-03-10 11:13:31,1.8,40.6,98.7
2026-03-10 11:13:34,21.2,40.8,98.7
2026-03-10 11:13:34,16.4,40.8,98.7
2026-03-10 11:13:37,0.0,40.7,98.7
2026-03-10 11:13:37,1.7,40.7,98.7
2026-03-10 11:13:40,0.0,40.7,98.7
2026-03-10 11:13:42,0.0,40.7,98.7
2026-03-10 11:13:45,5.7,40.7,98.7
2026-03-10 11:13:48,0.0,40.7,98.7
2026-03-10 11:13:48,0.0,40.7,98.7
2026-03-10 11:13:51,3.6,40.7,98.7
2026-03-10 11:13:54,11.5,40.6,98.7
2026-03-10 11:13:56,13.0,40.6,98.7
2026-03-10 11:13:59,2.2,40.8,98.7
2026-03-10 11:14:02,3.8,40.8,98.7
2026-03-10 11:14:02,3.8,40.8,98.7
2026-03-10 11:14:05,0.0,40.8,98.7
2026-03-10 11:14:05,1.9,40.8,98.7
2026-03-10 11:14:08,2.0,40.8,98.7
2026-03-10 11:14:08,1.8,40.8,98.7
2026-03-10 11:14:10,0.0,40.7,98.7
2026-03-10 11:14:13,0.0,40.7,98.7
2026-03-10 11:14:16,0.0,40.6,98.7
2026-03-10 11:14:19,3.8,40.6,98.7
2026-03-10 11:14:22,7.3,40.6,98.7
2026-03-10 11:14:24,0.0,40.6,98.7
2026-03-10 11:14:24,0.0,40.6,98.7
2026-03-10 11:14:27,3.8,40.6,98.7
2026-03-10 11:14:27,3.5,40.6,98.7
2026-03-10 11:14:30,0.0,40.6,98.7
2026-03-10 11:14:30,0.0,40.6,98.7
2026-03-10 11:14:33,0.0,40.6,98.7
2026-03-10 11:14:35,0.0,40.3,98.7
2026-03-10 11:14:35,0.0,40.3,98.7
2026-03-10 11:14:38,0.0,40.3,98.7
2026-03-10 11:14:41,0.0,40.3,98.7
2026-03-10 11:14:44,0.0,40.3,98.7
2026-03-10 11:14:46,0.0,40.3,98.7
2026-03-10 11:14:49,0.0,40.3,98.7
2026-03-10 11:14:52,7.5,40.3,98.7
2026-03-10 11:14:55,3.6,40.3,98.7
2026-03-10 11:14:57,5.7,40.3,98.7
2026-03-10 11:15:00,0.0,40.3,98.7
2026-03-10 11:15:03,0.0,40.3,98.7
2026-03-10 11:15:06,0.0,40.3,98.7
2026-03-10 11:15:09,0.0,40.3,98.7
2026-03-10 11:15:11,0.0,40.3,98.7
2026-03-10 11:15:14,0.0,40.4,98.7
2026-03-10 11:15:17,15.8,40.4,98.7
2026-03-10 11:15:20,6.0,40.3,98.7
2026-03-10 11:15:22,0.0,40.4,98.7
2026-03-10 11:15:25,2.0,40.4,98.7
2026-03-10 11:15:28,1.9,40.3,98.7
2026-03-10 11:15:31,10.2,40.2,98.7
2026-03-10 11:15:34,3.9,40.2,98.7
2026-03-10 11:15:36,0.0,40.3,98.7
2026-03-10 11:15:39,10.8,40.3,98.7
2026-03-10 11:15:42,0.0,40.3,98.7
2026-03-10 11:15:45,0.0,40.0,98.7
2026-03-10 11:15:47,0.0,39.9,98.7
2026-03-10 11:15:47,0.0,39.9,98.7
2026-03-10 11:15:50,7.5,39.9,98.7
2026-03-10 11:15:53,0.0,39.9,98.7
2026-03-10 11:15:56,2.0,40.0,98.7
2026-03-10 11:15:59,1.8,40.0,98.7
2026-03-10 11:16:01,0.0,40.0,98.7
2026-03-10 11:16:04,2.0,40.0,98.7
2026-03-10 11:16:04,2.0,40.0,98.7
2026-03-10 11:16:07,0.0,40.0,98.7
2026-03-10 11:16:10,4.0,40.0,98.7
2026-03-10 11:16:10,4.0,40.0,98.7
2026-03-10 11:16:12,12.3,40.0,98.7
2026-03-10 11:16:12,12.7,40.0,98.7
2026-03-10 11:16:15,3.3,39.9,98.7
2026-03-10 11:16:18,18.5,40.5,98.7
2026-03-10 11:16:21,10.2,40.6,98.7
2026-03-10 11:16:21,10.2,40.6,98.7
2026-03-10 11:16:24,10.5,40.6,98.7
2026-03-10 11:16:27,5.7,40.5,98.7
2026-03-10 11:16:27,5.7,40.5,98.7
2026-03-10 11:16:30,16.0,40.4,98.7
2026-03-10 11:16:30,14.3,40.4,98.7
2026-03-10 11:16:33,8.0,40.4,98.7
2026-03-10 11:16:33,10.3,40.4,98.7
2026-03-10 11:16:36,26.9,40.5,98.7
2026-03-10 11:16:36,26.9,40.5,98.7
2026-03-10 11:16:38,10.4,40.6,98.7
2026-03-10 11:16:38,8.8,40.6,98.7
2026-03-10 11:16:41,7.5,40.6,98.7
2026-03-10 11:16:44,5.3,40.6,98.7
2026-03-10 11:16:47,3.8,40.6,98.7
2026-03-10 11:16:50,1.7,39.9,98.7
2026-03-10 11:16:53,3.6,39.8,98.7
2026-03-10 11:16:55,2.0,39.9,98.7
2026-03-10 11:16:58,10.0,40.2,98.7
2026-03-10 11:17:01,11.5,40.4,98.7
2026-03-10 11:17:01,11.5,40.4,98.7
2026-03-10 11:17:04,2.0,40.4,98.7
2026-03-10 11:17:07,16.3,40.5,98.7
2026-03-10 11:17:07,16.3,40.5,98.7
2026-03-10 11:17:10,12.5,40.7,98.7
2026-03-10 11:17:10,11.5,40.7,98.7
2026-03-10 11:17:13,9.1,41.1,98.7
2026-03-10 11:17:16,2.2,41.4,98.7
2026-03-10 11:17:19,22.0,41.6,98.7
2026-03-10 11:17:22,1.9,41.6,98.7
2026-03-10 11:17:24,18.2,41.8,98.7
2026-03-10 11:17:27,0.0,41.7,98.7
2026-03-10 11:17:27,0.0,41.7,98.7
2026-03-10 11:17:30,10.2,41.7,98.7
2026-03-10 11:17:30,7.5,41.7,98.7
2026-03-10 11:17:33,12.3,41.8,98.7
2026-03-10 11:17:36,21.3,41.7,98.7
2026-03-10 11:17:36,21.3,41.7,98.7
2026-03-10 11:17:39,1.8,41.5,98.7
2026-03-10 11:17:39,1.9,41.5,98.7
2026-03-10 11:17:42,13.5,41.4,98.7
2026-03-10 11:17:45,8.7,41.6,98.7
2026-03-10 11:17:45,8.7,41.6,98.7
2026-03-10 11:17:48,5.5,41.9,98.7
2026-03-10 11:17:48,11.9,41.9,98.7
2026-03-10 11:17:50,7.1,41.9,98.7
2026-03-10 11:17:53,14.6,41.9,98.7
2026-03-10 11:17:56,18.0,41.9,98.7
2026-03-10 11:17:56,18.0,41.9,98.7
2026-03-10 11:17:59,6.9,41.9,98.7
2026-03-10 11:17:59,6.9,41.9,98.7
2026-03-10 11:18:02,0.0,40.7,98.7
2026-03-10 11:18:02,0.0,40.7,98.7
2026-03-10 11:18:05,2.0,40.7,98.7
2026-03-10 11:18:05,1.8,40.7,98.7
2026-03-10 11:18:07,6.2,40.6,98.7
2026-03-10 11:18:07,0.0,40.6,98.7
2026-03-10 11:18:10,0.0,40.6,98.7
2026-03-10 11:18:13,0.0,40.5,98.7
2026-03-10 11:18:16,0.0,40.4,98.7
2026-03-10 11:18:18,7.7,40.4,98.7
2026-03-10 11:18:21,0.0,40.4,98.7
2026-03-10 11:18:24,18.4,40.7,98.7
2026-03-10 11:18:27,22.2,41.0,98.7
2026-03-10 11:18:30,3.6,41.0,98.7
2026-03-10 11:18:30,3.6,41.0,98.7
2026-03-10 11:18:33,6.0,41.4,98.7
2026-03-10 11:18:33,5.9,41.4,98.7
2026-03-10 11:18:36,14.3,42.0,98.7
2026-03-10 11:18:36,14.9,42.0,98.7
2026-03-10 11:18:39,24.5,42.2,98.7
2026-03-10 11:18:42,3.9,42.2,98.7
2026-03-10 11:18:45,0.0,42.1,98.7
2026-03-10 11:18:48,5.6,42.1,98.7
2026-03-10 11:18:51,0.0,40.8,98.7
2026-03-10 11:18:53,2.0,40.8,98.7
2026-03-10 11:18:53,2.0,40.8,98.7
2026-03-10 11:18:56,0.0,40.7,98.7
2026-03-10 11:18:59,7.7,40.7,98.7
2026-03-10 11:19:02,14.5,40.7,98.7
2026-03-10 11:19:05,5.7,40.8,98.7
2026-03-10 11:19:07,6.4,40.8,98.7
2026-03-10 11:19:10,0.0,40.8,98.7
2026-03-10 11:19:13,14.8,40.8,98.7
2026-03-10 11:19:16,3.7,40.8,98.7
2026-03-10 11:19:18,12.1,40.8,98.7
2026-03-10 11:19:21,0.0,40.8,98.7
2026-03-10 11:19:24,10.0,40.8,98.7
2026-03-10 11:19:27,14.5,41.1,98.7
2026-03-10 11:19:30,12.8,41.3,98.7
2026-03-10 11:19:30,12.8,41.3,98.7
2026-03-10 11:19:33,33.3,41.6,98.7
2026-03-10 11:19:33,32.2,41.6,98.7
2026-03-10 11:19:36,16.3,42.1,98.7
2026-03-10 11:19:36,17.5,42.1,98.7
2026-03-10 11:19:39,4.0,42.4,98.7
2026-03-10 11:19:39,0.0,42.4,98.7
2026-03-10 11:19:42,23.5,42.4,98.7
2026-03-10 11:19:42,21.4,42.4,98.7
2026-03-10 11:19:45,16.7,42.5,98.7
2026-03-10 11:19:45,17.0,42.5,98.7
2026-03-10 11:19:48,2.0,42.5,98.7
2026-03-10 11:19:48,2.0,42.5,98.7
2026-03-10 11:19:51,11.3,42.4,98.7
2026-03-10 11:19:51,11.1,42.4,98.7
2026-03-10 11:19:53,0.0,42.4,98.7
2026-03-10 11:19:56,7.0,42.4,98.7
2026-03-10 11:19:59,10.6,42.4,98.7
2026-03-10 11:20:02,0.0,42.4,98.7
2026-03-10 11:20:05,2.0,42.1,98.7
2026-03-10 11:20:07,10.4,40.6,98.7
2026-03-10 11:20:10,3.8,40.6,98.7
2026-03-10 11:20:13,0.0,40.6,98.7
2026-03-10 11:20:16,0.0,40.6,98.7
2026-03-10 11:20:18,3.9,40.6,98.7
2026-03-10 11:20:21,5.8,40.6,98.7
2026-03-10 11:20:24,0.0,40.6,98.7
2026-03-10 11:20:27,9.8,40.7,98.7
2026-03-10 11:20:30,19.0,40.6,98.7
2026-03-10 11:20:32,12.0,41.1,98.7
2026-03-10 11:20:32,12.0,41.1,98.7
2026-03-10 11:20:35,25.5,41.3,98.7
2026-03-10 11:20:35,25.5,41.3,98.7
2026-03-10 11:20:38,13.0,41.7,98.7
2026-03-10 11:20:38,14.3,41.7,98.7
2026-03-10 11:20:41,11.5,42.2,98.7
2026-03-10 11:20:44,19.3,42.3,98.7
2026-03-10 11:20:47,26.5,42.3,98.7
2026-03-10 11:20:47,26.5,42.3,98.7
2026-03-10 11:20:50,0.0,42.5,98.7
2026-03-10 11:20:50,0.0,42.5,98.7
2026-03-10 11:20:53,10.2,42.5,98.7
2026-03-10 11:20:56,11.1,42.5,98.7
2026-03-10 11:20:58,2.0,40.9,98.7
2026-03-10 11:21:01,8.2,40.8,98.7
2026-03-10 11:21:04,3.8,40.8,98.7
2026-03-10 11:21:07,3.8,40.7,98.7
2026-03-10 11:21:07,3.8,40.7,98.7
2026-03-10 11:21:09,0.0,40.7,98.7
2026-03-10 11:21:12,0.0,40.7,98.7
2026-03-10 11:21:15,0.0,40.7,98.7
2026-03-10 11:21:18,1.9,40.7,98.7
2026-03-10 11:21:20,0.0,40.7,98.7
2026-03-10 11:21:23,5.5,40.8,98.7
2026-03-10 11:21:26,3.7,40.8,98.7
2026-03-10 11:21:29,2.0,40.8,98.7
2026-03-10 11:21:32,0.0,40.9,98.7
2026-03-10 11:21:34,0.0,40.9,98.7
2026-03-10 11:21:37,3.9,40.9,98.7
2026-03-10 11:21:40,1.8,40.9,98.7
2026-03-10 11:21:43,0.0,40.9,98.7
2026-03-10 11:21:45,91.8,41.2,98.7
2026-03-10 11:21:45,91.8,41.2,98.7
2026-03-10 11:59:04,100.0,43.0,98.7
2026-03-10 11:59:04,100.0,43.0,98.7
2026-03-10 11:59:09,16.4,43.4,98.7
2026-03-10 11:59:09,18.8,43.4,98.7
2026-03-10 11:59:12,30.9,43.4,98.7
2026-03-10 11:59:12,22.9,43.4,98.7
2026-03-10 11:59:16,11.3,43.2,98.7
2026-03-10 11:59:16,16.4,43.2,98.7
2026-03-10 11:59:19,2.0,43.1,98.7
2026-03-10 11:59:19,8.3,43.1,98.7
2026-03-10 11:59:22,1.8,42.5,98.7
2026-03-10 11:59:22,6.1,42.5,98.7
2026-03-10 11:59:25,11.8,42.9,98.7
2026-03-10 11:59:25,21.4,42.9,98.7
2026-03-10 11:59:29,13.5,43.3,98.7
2026-03-10 11:59:29,12.1,43.3,98.7
2026-03-10 11:59:32,12.5,43.6,98.7
2026-03-10 11:59:32,21.4,43.6,98.7
2026-03-10 11:59:35,31.2,42.4,98.7
2026-03-10 11:59:35,39.6,42.6,98.7
2026-03-10 11:59:38,31.0,44.6,98.7
2026-03-10 11:59:39,47.9,44.5,98.7
2026-03-10 11:59:42,69.2,44.9,98.7
2026-03-10 11:59:42,70.8,44.8,98.7
2026-03-10 11:59:45,16.4,44.2,98.7
2026-03-10 11:59:46,27.1,44.3,98.7
2026-03-10 11:59:49,22.8,44.0,98.7
2026-03-10 11:59:49,35.7,44.0,98.7
2026-03-10 11:59:52,21.6,44.2,98.7
2026-03-10 11:59:52,12.5,43.9,98.7
2026-03-10 11:59:55,3.6,43.8,98.7
2026-03-10 11:59:56,41.7,43.8,98.7
2026-03-10 11:59:58,2.0,43.7,98.7
2026-03-10 11:59:59,16.3,43.7,98.7
2026-03-10 12:00:01,9.4,43.1,98.7
2026-03-10 12:00:02,23.2,43.1,98.7
2026-03-10 12:00:05,0.0,43.0,98.7
2026-03-10 12:00:05,14.6,43.0,98.7
2026-03-10 12:00:08,46.4,43.3,98.7
2026-03-10 12:00:08,57.9,43.4,98.7
2026-03-10 12:00:11,35.7,43.8,98.7
2026-03-10 12:00:11,43.8,43.8,98.7
2026-03-10 12:00:14,1.9,43.7,98.7
2026-03-10 12:00:14,33.9,43.7,98.7
2026-03-10 12:00:18,19.3,43.3,98.7
2026-03-10 12:00:18,39.7,43.3,98.7
2026-03-10 12:00:21,2.0,43.3,98.7
2026-03-10 12:00:21,16.7,43.3,98.7
2026-03-10 12:00:24,0.0,43.1,98.7
2026-03-10 12:00:24,10.7,43.1,98.7
2026-03-10 12:00:27,6.2,43.1,98.7
2026-03-10 12:00:28,14.3,43.1,98.7
2026-03-10 12:00:30,56.7,43.3,98.7
2026-03-10 12:00:31,65.3,43.4,98.7
2026-03-10 12:00:34,1.8,43.6,98.7
2026-03-10 12:00:34,14.6,43.6,98.7
2026-03-10 12:00:37,42.1,44.1,98.7
2026-03-10 12:00:38,46.9,43.9,98.7
2026-03-10 12:00:41,17.5,43.9,98.7
2026-03-10 12:00:41,18.8,43.9,98.7
2026-03-10 12:00:44,16.7,43.6,98.7
2026-03-10 12:00:44,18.8,43.6,98.7
2026-03-10 12:00:47,10.9,43.5,98.7
2026-03-10 12:00:47,42.3,43.5,98.7
2026-03-10 12:00:50,16.3,43.5,98.7
2026-03-10 12:00:50,16.0,43.5,98.7
2026-03-10 12:00:53,10.4,43.5,98.7
2026-03-10 12:00:53,22.8,43.5,98.7
2026-03-10 12:00:56,46.8,43.5,98.7
2026-03-10 12:00:56,17.9,43.5,98.7
2026-03-10 12:00:59,5.9,43.5,98.7
2026-03-10 12:00:59,11.1,43.5,98.7
2026-03-10 12:01:02,40.0,43.8,98.7
2026-03-10 12:01:02,30.6,43.8,98.7
2026-03-10 12:01:05,2.3,43.5,98.7
2026-03-10 12:01:05,20.8,43.5,98.7
2026-03-10 12:01:08,2.0,43.5,98.7
2026-03-10 12:01:08,33.3,43.5,98.7
2026-03-10 12:01:10,23.5,43.8,98.7
2026-03-10 12:01:11,14.6,43.8,98.7
2026-03-10 12:01:13,9.8,43.8,98.7
2026-03-10 12:01:14,16.3,43.8,98.7
2026-03-10 12:01:16,33.3,44.0,98.7
2026-03-10 12:01:16,18.4,43.9,98.7
2026-03-10 12:01:19,1.9,43.8,98.7
2026-03-10 12:01:19,14.3,43.8,98.7
2026-03-10 12:01:22,0.0,43.8,98.7
2026-03-10 12:01:22,11.3,43.6,98.7
2026-03-10 12:01:24,0.0,43.5,98.7
2026-03-10 12:01:25,18.8,43.5,98.7
2026-03-10 12:01:27,7.0,43.3,98.7
2026-03-10 12:01:28,14.6,43.3,98.7
2026-03-10 12:01:30,13.7,43.3,98.7
2026-03-10 12:01:30,44.9,43.3,98.7
2026-03-10 12:01:33,24.5,43.5,98.7
2026-03-10 12:01:33,25.0,44.0,98.7
2026-03-10 12:01:35,50.0,42.9,98.7
2026-03-10 12:01:36,35.4,43.0,98.7
2026-03-10 12:01:38,14.0,43.0,98.7
2026-03-10 12:01:39,12.5,42.8,98.7
2026-03-10 12:01:41,31.8,42.6,98.7
2026-03-10 12:01:42,84.5,42.6,98.7
2026-03-10 12:01:44,29.6,43.0,98.7
2026-03-10 12:01:44,46.4,43.1,98.7
2026-03-10 12:01:47,17.6,43.5,98.7
2026-03-10 12:01:48,27.1,43.6,98.7
2026-03-10 12:01:50,50.0,44.0,98.7
2026-03-10 12:01:51,42.0,44.0,98.7
2026-03-10 12:01:53,13.2,44.0,98.7
2026-03-10 12:01:54,25.0,43.9,98.7
2026-03-10 12:01:56,7.5,44.0,98.7
2026-03-10 12:01:57,12.5,44.0,98.7
2026-03-10 12:01:59,28.6,44.1,98.7
2026-03-10 12:01:59,16.1,44.1,98.7
2026-03-10 12:02:02,2.0,44.1,98.7
2026-03-10 12:02:02,37.5,44.1,98.7
2026-03-10 12:02:05,9.4,44.0,98.7
2026-03-10 12:02:05,33.9,44.2,98.7
2026-03-10 12:02:08,2.0,44.2,98.7
2026-03-10 12:02:08,22.4,44.2,98.7
2026-03-10 12:02:11,1.8,44.1,98.7
2026-03-10 12:02:11,17.6,44.1,98.7
2026-03-10 12:02:13,0.0,44.1,98.7
2026-03-10 12:02:14,14.3,44.1,98.7
2026-03-10 12:02:16,5.7,42.6,98.7
2026-03-10 12:02:17,12.5,42.6,98.7
2026-03-10 12:02:19,6.1,42.4,98.7
2026-03-10 12:02:19,16.3,42.4,98.7
2026-03-10 12:02:22,8.3,42.2,98.7
2026-03-10 12:02:22,12.5,42.1,98.7
2026-03-10 12:02:24,24.6,42.3,98.7
2026-03-10 12:02:25,14.3,42.3,98.7
2026-03-10 12:02:27,7.5,42.3,98.7
2026-03-10 12:02:28,20.4,42.3,98.7
2026-03-10 12:02:30,9.4,42.4,98.7
2026-03-10 12:02:30,19.3,42.4,98.7
2026-03-10 12:02:33,25.9,42.4,98.7
2026-03-10 12:02:33,27.1,42.4,98.7
2026-03-10 12:02:36,13.8,42.3,98.7
2026-03-10 12:02:36,35.4,42.4,98.7
2026-03-10 12:02:39,1.9,42.4,98.7
2026-03-10 12:02:39,17.5,42.4,98.7
2026-03-10 12:02:42,53.4,40.4,98.7
2026-03-10 12:02:42,74.0,39.4,98.7
2026-03-10 12:02:44,0.0,36.7,98.7
2026-03-10 12:02:45,5.8,36.7,98.7
2026-03-10 12:02:47,0.0,36.7,98.7
2026-03-10 12:02:47,5.2,36.7,98.7
2026-03-10 12:02:50,3.4,36.5,98.7
2026-03-10 12:02:50,5.1,36.5,98.7
2026-03-10 12:02:53,0.0,36.5,98.7
2026-03-10 12:02:53,5.0,36.5,98.7
2026-03-10 12:02:55,0.0,36.5,98.7
2026-03-10 12:02:55,4.8,36.5,98.7
2026-03-10 12:02:58,0.0,36.5,98.7
2026-03-10 12:02:58,3.8,36.5,98.7
2026-03-10 12:03:01,0.0,36.6,98.7
2026-03-10 12:03:01,4.6,36.6,98.7
2026-03-10 12:03:03,3.8,36.5,98.7
2026-03-10 12:03:03,6.6,36.5,98.7
2026-03-10 12:03:06,0.0,36.5,98.7
2026-03-10 12:03:06,3.2,36.5,98.7
2026-03-10 12:03:09,2.0,36.5,98.7
2026-03-10 12:03:09,3.7,36.5,98.7
2026-03-10 12:03:12,1.9,36.5,98.7
2026-03-10 12:03:12,6.7,36.5,98.7
2026-03-10 12:03:14,12.2,39.1,98.7
2026-03-10 12:03:14,13.8,39.1,98.7
2026-03-10 12:03:17,12.3,40.2,98.7
2026-03-10 12:03:17,13.3,40.2,98.7
2026-03-10 12:03:20,12.8,40.4,98.7
2026-03-10 12:03:20,13.0,40.4,98.7
2026-03-10 12:03:23,11.8,40.4,98.7
2026-03-10 12:03:23,13.3,40.4,98.7
2026-03-10 12:03:25,13.5,37.1,98.7
2026-03-10 12:03:25,15.8,37.1,98.7
2026-03-10 12:03:28,18.8,38.0,98.7
2026-03-10 12:03:28,18.3,38.0,98.7
2026-03-10 12:03:31,95.2,41.7,98.7
2026-03-10 12:03:31,87.5,41.5,98.7
2026-03-10 12:03:35,93.8,43.6,98.7
2026-03-10 12:03:35,89.6,43.7,98.7
2026-03-10 12:03:39,25.0,45.9,98.7
2026-03-10 12:03:39,28.1,45.9,98.7
2026-03-10 12:03:42,40.4,46.3,98.7
2026-03-10 12:03:42,42.9,46.3,98.7
2026-03-10 12:03:45,52.1,46.3,98.7
2026-03-10 12:03:45,51.8,46.3,98.7
2026-03-10 12:03:48,14.6,46.3,98.7
2026-03-10 12:03:48,13.7,46.3,98.7
2026-03-10 12:03:51,16.7,46.3,98.7
2026-03-10 12:03:51,12.5,46.3,98.7
2026-03-10 12:03:55,12.5,45.5,98.7
2026-03-10 12:03:55,13.3,45.5,98.7
2026-03-10 12:03:58,0.0,45.1,98.7
2026-03-10 12:03:58,1.7,45.1,98.7
2026-03-10 12:04:00,12.2,45.1,98.7
2026-03-10 12:04:00,12.2,45.1,98.7
2026-03-10 12:04:04,26.9,44.8,98.7
2026-03-10 12:04:04,28.8,44.8,98.7
2026-03-10 12:04:07,18.0,44.9,98.8
2026-03-10 12:04:07,15.8,44.9,98.8
2026-03-10 12:04:10,9.1,44.4,98.8
2026-03-10 12:04:10,21.6,44.4,98.8
2026-03-10 12:04:13,5.4,44.3,98.8
2026-03-10 12:04:13,7.1,44.3,98.8
2026-03-10 12:04:16,0.0,37.4,98.8
2026-03-10 12:04:16,4.2,37.4,98.8
2026-03-10 12:04:19,0.0,37.6,98.8
2026-03-10 12:04:19,1.7,37.6,98.8
2026-03-10 12:04:22,0.0,37.5,98.8
2026-03-10 12:04:22,0.0,37.5,98.8
2026-03-10 12:04:25,0.0,37.4,98.8
2026-03-10 12:04:27,3.6,37.4,98.8
2026-03-10 12:04:30,79.6,37.5,98.8
2026-03-10 12:04:33,5.8,37.5,98.8
